datetime,timestamp,open,high,low,close,volume
2025-05-02 09:20:00+05:30,1746157500,24311.9,24444.85,24305.85,24410.5,0
2025-05-02 09:25:00+05:30,1746157800,24410.3,24429.55,24385.9,24403.65,0
2025-05-02 09:30:00+05:30,1746158100,24401.75,24488.5,24399.0,24487.6,0
2025-05-02 09:35:00+05:30,1746158400,24487.1,24534.0,24485.35,24525.0,0
2025-05-02 09:40:00+05:30,1746158700,24525.5,24538.85,24504.65,24537.7,0
2025-05-02 09:45:00+05:30,1746159000,24538.0,24551.25,24514.55,24529.85,0
2025-05-02 09:50:00+05:30,1746159300,24530.6,24557.75,24516.7,24547.8,0
2025-05-02 09:55:00+05:30,1746159600,24546.95,24558.65,24530.3,24556.6,0
2025-05-02 10:00:00+05:30,1746159900,24556.5,24576.15,24555.4,24572.0,0
2025-05-02 10:05:00+05:30,1746160200,24571.2,24589.15,24558.35,24568.3,0
2025-05-02 10:10:00+05:30,1746160500,24569.15,24582.05,24558.85,24578.4,0
2025-05-02 10:15:00+05:30,1746160800,24579.45,24588.0,24570.8,24581.95,0
2025-05-02 10:20:00+05:30,1746161100,24581.85,24587.25,24556.3,24556.3,0
2025-05-02 10:25:00+05:30,1746161400,24554.6,24564.65,24544.0,24551.3,0
2025-05-02 10:30:00+05:30,1746161700,24549.5,24556.9,24520.7,24520.7,0
2025-05-02 10:35:00+05:30,1746162000,24521.35,24524.45,24484.75,24492.3,0
2025-05-02 10:40:00+05:30,1746162300,24492.9,24526.85,24468.6,24520.7,0
2025-05-02 10:45:00+05:30,1746162600,24521.8,24531.15,24501.45,24502.05,0
2025-05-02 10:50:00+05:30,1746162900,24502.5,24507.2,24481.5,24486.3,0
2025-05-02 10:55:00+05:30,1746163200,24484.85,24492.25,24425.95,24427.4,0
2025-05-02 11:00:00+05:30,1746163500,24427.0,24447.85,24410.45,24432.0,0
2025-05-02 11:05:00+05:30,1746163800,24431.7,24445.3,24421.6,24422.1,0
2025-05-02 11:10:00+05:30,1746164100,24422.05,24440.55,24419.65,24429.6,0
2025-05-02 11:15:00+05:30,1746164400,24429.85,24433.7,24404.7,24422.9,0
2025-05-02 11:20:00+05:30,1746164700,24424.65,24443.05,24407.85,24408.75,0
2025-05-02 11:25:00+05:30,1746165000,24408.65,24410.2,24373.1,24373.1,0
2025-05-02 11:30:00+05:30,1746165300,24374.2,24398.3,24371.2,24387.3,0
2025-05-02 11:35:00+05:30,1746165600,24387.25,24387.95,24319.75,24324.5,0
2025-05-02 11:40:00+05:30,1746165900,24325.1,24351.3,24325.1,24346.15,0
2025-05-02 11:45:00+05:30,1746166200,24346.2,24367.5,24332.15,24336.1,0
2025-05-02 11:50:00+05:30,1746166500,24336.05,24348.8,24328.55,24338.3,0
2025-05-02 11:55:00+05:30,1746166800,24337.95,24350.0,24326.35,24349.55,0
2025-05-02 12:00:00+05:30,1746167100,24350.5,24365.0,24348.0,24354.7,0
2025-05-02 12:05:00+05:30,1746167400,24354.6,24355.8,24330.6,24334.55,0
2025-05-02 12:10:00+05:30,1746167700,24334.05,24334.05,24299.8,24316.9,0
2025-05-02 12:15:00+05:30,1746168000,24317.4,24324.55,24306.35,24315.0,0
2025-05-02 12:20:00+05:30,1746168300,24314.05,24314.15,24281.4,24294.15,0
2025-05-02 12:25:00+05:30,1746168600,24294.1,24303.9,24290.4,24303.0,0
2025-05-02 12:30:00+05:30,1746168900,24302.55,24302.75,24238.5,24242.75,0
2025-05-02 12:35:00+05:30,1746169200,24241.85,24265.7,24241.85,24260.5,0
2025-05-02 12:40:00+05:30,1746169500,24260.05,24275.2,24258.85,24267.1,0
2025-05-02 12:45:00+05:30,1746169800,24266.5,24283.65,24241.0,24283.3,0
2025-05-02 12:50:00+05:30,1746170100,24282.8,24310.85,24282.8,24295.85,0
2025-05-02 12:55:00+05:30,1746170400,24295.1,24306.2,24280.65,24286.65,0
2025-05-02 13:00:00+05:30,1746170700,24287.65,24304.45,24282.3,24282.95,0
2025-05-02 13:05:00+05:30,1746171000,24282.85,24301.9,24266.2,24285.0,0
2025-05-02 13:10:00+05:30,1746171300,24284.2,24310.1,24279.65,24299.9,0
2025-05-02 13:15:00+05:30,1746171600,24299.9,24302.4,24286.45,24297.0,0
2025-05-02 13:20:00+05:30,1746171900,24297.05,24351.85,24296.25,24344.3,0
2025-05-02 13:25:00+05:30,1746172200,24343.2,24359.8,24333.5,24354.1,0
2025-05-02 13:30:00+05:30,1746172500,24354.1,24368.85,24349.65,24364.8,0
2025-05-02 13:35:00+05:30,1746172800,24364.75,24412.2,24363.1,24394.5,0
2025-05-02 13:40:00+05:30,1746173100,24393.85,24400.95,24379.6,24399.45,0
2025-05-02 13:45:00+05:30,1746173400,24399.45,24399.9,24375.2,24392.35,0
2025-05-02 13:50:00+05:30,1746173700,24391.95,24405.8,24386.9,24394.35,0
2025-05-02 13:55:00+05:30,1746174000,24394.25,24402.45,24384.3,24397.05,0
2025-05-02 14:00:00+05:30,1746174300,24397.05,24404.85,24374.55,24378.8,0
2025-05-02 14:05:00+05:30,1746174600,24378.5,24394.4,24359.65,24394.4,0
2025-05-02 14:10:00+05:30,1746174900,24393.7,24399.65,24385.35,24392.35,0
2025-05-02 14:15:00+05:30,1746175200,24391.15,24400.65,24359.0,24373.55,0
2025-05-02 14:20:00+05:30,1746175500,24372.45,24389.2,24363.95,24369.0,0
2025-05-02 14:25:00+05:30,1746175800,24367.45,24376.1,24337.5,24342.4,0
2025-05-02 14:30:00+05:30,1746176100,24341.75,24343.0,24304.6,24306.25,0
2025-05-02 14:35:00+05:30,1746176400,24306.75,24318.3,24291.95,24299.15,0
2025-05-02 14:40:00+05:30,1746176700,24299.95,24316.25,24286.9,24316.25,0
2025-05-02 14:45:00+05:30,1746177000,24315.4,24332.25,24313.3,24326.65,0
2025-05-02 14:50:00+05:30,1746177300,24325.35,24356.35,24319.1,24348.4,0
2025-05-02 14:55:00+05:30,1746177600,24348.05,24372.65,24347.55,24372.4,0
2025-05-02 15:00:00+05:30,1746177900,24371.65,24381.8,24366.3,24373.95,0
2025-05-02 15:05:00+05:30,1746178200,24373.4,24397.75,24354.25,24354.25,0
2025-05-02 15:10:00+05:30,1746178500,24353.95,24363.6,24338.15,24354.95,0
2025-05-02 15:15:00+05:30,1746178800,24354.85,24367.15,24348.4,24367.15,0
2025-05-02 15:20:00+05:30,1746179100,24365.45,24368.15,24322.7,24329.9,0
2025-05-02 15:25:00+05:30,1746179400,24329.05,24342.7,24326.2,24333.15,0
2025-05-02 15:30:00+05:30,1746179700,24331.45,24334.55,24309.85,24313.65,0
2025-05-05 09:20:00+05:30,1746416700,24419.5,24460.75,24400.65,24436.9,0
2025-05-05 09:25:00+05:30,1746417000,24435.8,24451.2,24414.65,24447.05,0
2025-05-05 09:30:00+05:30,1746417300,24446.5,24477.9,24429.8,24443.15,0
2025-05-05 09:35:00+05:30,1746417600,24442.25,24452.15,24403.1,24414.05,0
2025-05-05 09:40:00+05:30,1746417900,24415.05,24446.8,24414.5,24423.65,0
2025-05-05 09:45:00+05:30,1746418200,24424.35,24452.45,24421.1,24449.15,0
2025-05-05 09:50:00+05:30,1746418500,24449.8,24466.25,24439.4,24454.0,0
2025-05-05 09:55:00+05:30,1746418800,24454.6,24496.55,24449.4,24493.75,0
2025-05-05 10:00:00+05:30,1746419100,24491.9,24505.6,24480.2,24503.65,0
2025-05-05 10:05:00+05:30,1746419400,24504.2,24511.3,24475.25,24480.25,0
2025-05-05 10:10:00+05:30,1746419700,24480.3,24493.85,24464.0,24489.0,0
2025-05-05 10:15:00+05:30,1746420000,24489.15,24491.85,24467.85,24479.1,0
2025-05-05 10:20:00+05:30,1746420300,24479.8,24491.3,24468.3,24485.85,0
2025-05-05 10:25:00+05:30,1746420600,24487.75,24499.5,24475.75,24477.05,0
2025-05-05 10:30:00+05:30,1746420900,24475.9,24500.25,24475.7,24479.55,0
2025-05-05 10:35:00+05:30,1746421200,24480.2,24509.7,24480.2,24504.05,0
2025-05-05 10:40:00+05:30,1746421500,24504.15,24520.95,24501.6,24509.85,0
2025-05-05 10:45:00+05:30,1746421800,24508.8,24526.4,24508.7,24522.65,0
2025-05-05 10:50:00+05:30,1746422100,24521.6,24523.55,24508.05,24519.75,0
2025-05-05 10:55:00+05:30,1746422400,24519.25,24520.0,24493.5,24493.5,0
2025-05-05 11:00:00+05:30,1746422700,24493.7,24496.55,24460.45,24471.1,0
2025-05-05 11:05:00+05:30,1746423000,24472.0,24480.8,24464.5,24467.05,0
2025-05-05 11:10:00+05:30,1746423300,24466.8,24475.85,24459.65,24472.95,0
2025-05-05 11:15:00+05:30,1746423600,24473.65,24488.8,24468.6,24486.2,0
2025-05-05 11:20:00+05:30,1746423900,24487.2,24495.9,24468.75,24470.35,0
2025-05-05 11:25:00+05:30,1746424200,24470.65,24488.8,24467.05,24484.4,0
2025-05-05 11:30:00+05:30,1746424500,24484.95,24485.15,24464.3,24465.35,0
2025-05-05 11:35:00+05:30,1746424800,24465.5,24481.6,24463.3,24475.85,0
2025-05-05 11:40:00+05:30,1746425100,24475.25,24476.8,24446.6,24453.05,0
2025-05-05 11:45:00+05:30,1746425400,24453.15,24453.65,24436.15,24447.05,0
2025-05-05 11:50:00+05:30,1746425700,24447.25,24449.5,24429.2,24434.6,0
2025-05-05 11:55:00+05:30,1746426000,24434.55,24443.6,24414.45,24422.8,0
2025-05-05 12:00:00+05:30,1746426300,24423.1,24446.35,24418.75,24445.4,0
2025-05-05 12:05:00+05:30,1746426600,24444.9,24459.75,24437.65,24449.6,0
2025-05-05 12:10:00+05:30,1746426900,24449.35,24453.35,24440.85,24445.0,0
2025-05-05 12:15:00+05:30,1746427200,24444.85,24450.6,24438.9,24448.7,0
2025-05-05 12:20:00+05:30,1746427500,24448.45,24450.0,24430.8,24432.8,0
2025-05-05 12:25:00+05:30,1746427800,24432.7,24446.2,24430.0,24439.2,0
2025-05-05 12:30:00+05:30,1746428100,24437.95,24457.5,24432.45,24457.35,0
2025-05-05 12:35:00+05:30,1746428400,24457.4,24460.6,24447.65,24454.5,0
2025-05-05 12:40:00+05:30,1746428700,24455.2,24460.5,24442.9,24452.45,0
2025-05-05 12:45:00+05:30,1746429000,24451.5,24457.15,24443.3,24456.1,0
2025-05-05 12:50:00+05:30,1746429300,24455.65,24456.1,24441.7,24454.7,0
2025-05-05 12:55:00+05:30,1746429600,24454.4,24470.45,24451.5,24469.75,0
2025-05-05 13:00:00+05:30,1746429900,24469.65,24475.95,24466.15,24474.3,0
2025-05-05 13:05:00+05:30,1746430200,24475.15,24477.0,24465.35,24468.8,0
2025-05-05 13:10:00+05:30,1746430500,24468.2,24468.6,24453.35,24455.9,0
2025-05-05 13:15:00+05:30,1746430800,24455.7,24458.15,24443.35,24451.05,0
2025-05-05 13:20:00+05:30,1746431100,24451.25,24456.85,24435.75,24439.7,0
2025-05-05 13:25:00+05:30,1746431400,24439.3,24458.9,24434.05,24456.45,0
2025-05-05 13:30:00+05:30,1746431700,24456.45,24463.6,24450.95,24454.7,0
2025-05-05 13:35:00+05:30,1746432000,24453.7,24470.7,24450.85,24467.75,0
2025-05-05 13:40:00+05:30,1746432300,24466.75,24471.95,24461.1,24470.85,0
2025-05-05 13:45:00+05:30,1746432600,24470.6,24476.05,24469.35,24473.65,0
2025-05-05 13:50:00+05:30,1746432900,24473.85,24482.3,24469.5,24473.3,0
2025-05-05 13:55:00+05:30,1746433200,24473.35,24482.75,24471.25,24480.6,0
2025-05-05 14:00:00+05:30,1746433500,24480.75,24492.9,24476.4,24482.6,0
2025-05-05 14:05:00+05:30,1746433800,24482.75,24488.05,24474.85,24480.15,0
2025-05-05 14:10:00+05:30,1746434100,24479.95,24490.35,24472.65,24487.7,0
2025-05-05 14:15:00+05:30,1746434400,24487.35,24489.05,24472.55,24472.9,0
2025-05-05 14:20:00+05:30,1746434700,24473.9,24476.0,24464.65,24465.5,0
2025-05-05 14:25:00+05:30,1746435000,24465.65,24465.65,24455.45,24457.45,0
2025-05-05 14:30:00+05:30,1746435300,24457.35,24468.65,24455.0,24464.35,0
2025-05-05 14:35:00+05:30,1746435600,24465.35,24492.15,24464.7,24487.6,0
2025-05-05 14:40:00+05:30,1746435900,24487.55,24490.25,24477.5,24482.8,0
2025-05-05 14:45:00+05:30,1746436200,24482.7,24485.6,24471.3,24475.95,0
2025-05-05 14:50:00+05:30,1746436500,24475.7,24481.8,24471.85,24481.15,0
2025-05-05 14:55:00+05:30,1746436800,24480.5,24483.65,24473.8,24483.3,0
2025-05-05 15:00:00+05:30,1746437100,24482.9,24487.0,24467.9,24471.15,0
2025-05-05 15:05:00+05:30,1746437400,24471.1,24474.0,24453.0,24457.15,0
2025-05-05 15:10:00+05:30,1746437700,24456.8,24457.8,24442.15,24456.25,0
2025-05-05 15:15:00+05:30,1746438000,24457.05,24457.05,24446.85,24448.3,0
2025-05-05 15:20:00+05:30,1746438300,24448.6,24474.2,24447.5,24470.4,0
2025-05-05 15:25:00+05:30,1746438600,24470.15,24474.5,24464.0,24473.45,0
2025-05-05 15:30:00+05:30,1746438900,24472.6,24475.2,24457.2,24459.5,0
2025-05-06 09:20:00+05:30,1746503100,24500.75,24509.65,24445.8,24455.85,0
2025-05-06 09:25:00+05:30,1746503400,24454.95,24459.95,24432.5,24437.75,0
2025-05-06 09:30:00+05:30,1746503700,24436.95,24453.1,24421.0,24433.0,0
2025-05-06 09:35:00+05:30,1746504000,24433.1,24473.5,24424.1,24470.35,0
2025-05-06 09:40:00+05:30,1746504300,24469.3,24477.05,24452.15,24454.75,0
2025-05-06 09:45:00+05:30,1746504600,24453.85,24468.75,24436.5,24458.1,0
2025-05-06 09:50:00+05:30,1746504900,24457.65,24459.5,24438.9,24441.45,0
2025-05-06 09:55:00+05:30,1746505200,24440.55,24442.1,24403.1,24404.5,0
2025-05-06 10:00:00+05:30,1746505500,24405.0,24412.05,24388.55,24391.65,0
2025-05-06 10:05:00+05:30,1746505800,24391.0,24402.6,24379.8,24400.2,0
2025-05-06 10:10:00+05:30,1746506100,24401.1,24414.35,24387.15,24395.1,0
2025-05-06 10:15:00+05:30,1746506400,24394.7,24406.85,24384.5,24389.7,0
2025-05-06 10:20:00+05:30,1746506700,24388.7,24392.1,24373.0,24379.25,0
2025-05-06 10:25:00+05:30,1746507000,24379.95,24382.45,24369.1,24369.95,0
2025-05-06 10:30:00+05:30,1746507300,24370.1,24386.5,24369.75,24385.8,0
2025-05-06 10:35:00+05:30,1746507600,24385.95,24392.8,24375.5,24383.55,0
2025-05-06 10:40:00+05:30,1746507900,24383.75,24390.15,24376.3,24389.0,0
2025-05-06 10:45:00+05:30,1746508200,24389.7,24399.2,24385.55,24397.05,0
2025-05-06 10:50:00+05:30,1746508500,24397.6,24402.95,24389.75,24390.7,0
2025-05-06 10:55:00+05:30,1746508800,24391.9,24395.55,24384.7,24387.2,0
2025-05-06 11:00:00+05:30,1746509100,24386.65,24406.15,24385.8,24403.05,0
2025-05-06 11:05:00+05:30,1746509400,24403.55,24405.25,24389.05,24395.3,0
2025-05-06 11:10:00+05:30,1746509700,24394.2,24399.4,24388.8,24393.0,0
2025-05-06 11:15:00+05:30,1746510000,24392.55,24396.35,24386.1,24387.95,0
2025-05-06 11:20:00+05:30,1746510300,24388.1,24390.35,24374.85,24376.0,0
2025-05-06 11:25:00+05:30,1746510600,24375.9,24382.5,24373.75,24377.9,0
2025-05-06 11:30:00+05:30,1746510900,24376.35,24378.9,24366.65,24371.75,0
2025-05-06 11:35:00+05:30,1746511200,24372.15,24375.45,24366.2,24369.1,0
2025-05-06 11:40:00+05:30,1746511500,24369.65,24375.45,24361.75,24363.75,0
2025-05-06 11:45:00+05:30,1746511800,24364.7,24366.4,24356.75,24361.15,0
2025-05-06 11:50:00+05:30,1746512100,24359.8,24370.1,24357.35,24364.9,0
2025-05-06 11:55:00+05:30,1746512400,24364.2,24387.0,24359.95,24384.3,0
2025-05-06 12:00:00+05:30,1746512700,24385.75,24393.3,24374.6,24378.45,0
2025-05-06 12:05:00+05:30,1746513000,24377.75,24396.85,24372.25,24384.95,0
2025-05-06 12:10:00+05:30,1746513300,24385.65,24389.95,24373.0,24389.0,0
2025-05-06 12:15:00+05:30,1746513600,24388.9,24395.65,24381.65,24392.2,0
2025-05-06 12:20:00+05:30,1746513900,24390.4,24399.6,24386.1,24396.9,0
2025-05-06 12:25:00+05:30,1746514200,24396.7,24402.05,24391.4,24394.8,0
2025-05-06 12:30:00+05:30,1746514500,24393.35,24397.4,24384.5,24393.45,0
2025-05-06 12:35:00+05:30,1746514800,24392.95,24398.55,24384.1,24386.95,0
2025-05-06 12:40:00+05:30,1746515100,24386.6,24389.9,24378.1,24385.25,0
2025-05-06 12:45:00+05:30,1746515400,24384.45,24390.5,24378.9,24385.35,0
2025-05-06 12:50:00+05:30,1746515700,24384.05,24387.6,24375.2,24383.6,0
2025-05-06 12:55:00+05:30,1746516000,24382.3,24384.7,24372.95,24379.85,0
2025-05-06 13:00:00+05:30,1746516300,24379.65,24388.75,24373.3,24378.35,0
2025-05-06 13:05:00+05:30,1746516600,24376.4,24378.75,24367.85,24370.75,0
2025-05-06 13:10:00+05:30,1746516900,24370.0,24394.2,24367.05,24381.6,0
2025-05-06 13:15:00+05:30,1746517200,24379.45,24385.05,24372.75,24383.25,0
2025-05-06 13:20:00+05:30,1746517500,24382.8,24390.65,24377.45,24389.55,0
2025-05-06 13:25:00+05:30,1746517800,24387.55,24388.5,24376.0,24379.3,0
2025-05-06 13:30:00+05:30,1746518100,24379.5,24394.35,24376.25,24389.2,0
2025-05-06 13:35:00+05:30,1746518400,24387.85,24393.9,24384.95,24388.85,0
2025-05-06 13:40:00+05:30,1746518700,24386.65,24396.05,24386.55,24394.1,0
2025-05-06 13:45:00+05:30,1746519000,24393.1,24395.75,24385.55,24391.6,0
2025-05-06 13:50:00+05:30,1746519300,24390.05,24395.95,24386.5,24392.05,0
2025-05-06 13:55:00+05:30,1746519600,24391.75,24400.95,24388.4,24400.95,0
2025-05-06 14:00:00+05:30,1746519900,24399.65,24405.5,24395.1,24405.5,0
2025-05-06 14:05:00+05:30,1746520200,24405.55,24408.4,24387.1,24391.15,0
2025-05-06 14:10:00+05:30,1746520500,24390.8,24392.9,24379.05,24387.95,0
2025-05-06 14:15:00+05:30,1746520800,24387.35,24390.8,24380.75,24389.05,0
2025-05-06 14:20:00+05:30,1746521100,24387.25,24390.65,24379.8,24383.95,0
2025-05-06 14:25:00+05:30,1746521400,24381.35,24384.75,24361.9,24368.0,0
2025-05-06 14:30:00+05:30,1746521700,24366.95,24378.0,24362.55,24373.75,0
2025-05-06 14:35:00+05:30,1746522000,24372.85,24380.95,24370.35,24376.45,0
2025-05-06 14:40:00+05:30,1746522300,24375.8,24385.55,24373.95,24382.3,0
2025-05-06 14:45:00+05:30,1746522600,24381.6,24384.5,24372.3,24379.9,0
2025-05-06 14:50:00+05:30,1746522900,24377.5,24382.8,24367.6,24373.7,0
2025-05-06 14:55:00+05:30,1746523200,24373.45,24376.75,24364.15,24368.3,0
2025-05-06 15:00:00+05:30,1746523500,24367.4,24372.25,24355.5,24368.55,0
2025-05-06 15:05:00+05:30,1746523800,24365.5,24393.5,24365.5,24390.0,0
2025-05-06 15:10:00+05:30,1746524100,24390.75,24399.85,24387.1,24399.85,0
2025-05-06 15:15:00+05:30,1746524400,24398.85,24400.65,24386.4,24387.65,0
2025-05-06 15:20:00+05:30,1746524700,24387.7,24389.25,24360.95,24365.2,0
2025-05-06 15:25:00+05:30,1746525000,24364.6,24373.3,24364.6,24368.15,0
2025-05-06 15:30:00+05:30,1746525300,24368.4,24376.0,24331.8,24335.9,0
2025-05-07 09:20:00+05:30,1746589500,24233.3,24387.4,24220.0,24365.9,0
2025-05-07 09:25:00+05:30,1746589800,24366.25,24381.35,24349.2,24359.95,0
2025-05-07 09:30:00+05:30,1746590100,24360.45,24436.6,24360.05,24427.2,0
2025-05-07 09:35:00+05:30,1746590400,24428.5,24448.6,24413.1,24447.4,0
2025-05-07 09:40:00+05:30,1746590700,24446.45,24449.6,24396.0,24403.65,0
2025-05-07 09:45:00+05:30,1746591000,24403.35,24419.0,24391.3,24402.85,0
2025-05-07 09:50:00+05:30,1746591300,24402.1,24404.55,24335.2,24356.25,0
2025-05-07 09:55:00+05:30,1746591600,24357.2,24362.7,24320.05,24326.05,0
2025-05-07 10:00:00+05:30,1746591900,24327.3,24377.15,24326.6,24359.15,0
2025-05-07 10:05:00+05:30,1746592200,24358.65,24369.15,24336.5,24355.8,0
2025-05-07 10:10:00+05:30,1746592500,24357.05,24357.05,24304.15,24304.95,0
2025-05-07 10:15:00+05:30,1746592800,24304.85,24312.75,24290.3,24304.1,0
2025-05-07 10:20:00+05:30,1746593100,24303.5,24306.6,24289.7,24291.3,0
2025-05-07 10:25:00+05:30,1746593400,24290.3,24353.45,24285.0,24348.35,0
2025-05-07 10:30:00+05:30,1746593700,24349.25,24359.65,24328.55,24329.25,0
2025-05-07 10:35:00+05:30,1746594000,24329.8,24372.85,24329.2,24372.85,0
2025-05-07 10:40:00+05:30,1746594300,24372.25,24372.25,24350.85,24362.2,0
2025-05-07 10:45:00+05:30,1746594600,24362.5,24369.6,24352.1,24355.9,0
2025-05-07 10:50:00+05:30,1746594900,24356.9,24372.0,24354.05,24364.75,0
2025-05-07 10:55:00+05:30,1746595200,24365.05,24369.8,24338.2,24339.0,0
2025-05-07 11:00:00+05:30,1746595500,24338.75,24343.2,24324.75,24335.8,0
2025-05-07 11:05:00+05:30,1746595800,24334.75,24366.4,24334.75,24362.2,0
2025-05-07 11:10:00+05:30,1746596100,24362.55,24363.35,24350.55,24357.4,0
2025-05-07 11:15:00+05:30,1746596400,24357.75,24373.75,24353.85,24372.6,0
2025-05-07 11:20:00+05:30,1746596700,24372.5,24400.2,24372.5,24394.6,0
2025-05-07 11:25:00+05:30,1746597000,24394.7,24404.4,24393.0,24402.45,0
2025-05-07 11:30:00+05:30,1746597300,24402.85,24416.2,24402.65,24406.45,0
2025-05-07 11:35:00+05:30,1746597600,24406.55,24430.4,24406.55,24425.05,0
2025-05-07 11:40:00+05:30,1746597900,24425.9,24427.35,24402.45,24413.55,0
2025-05-07 11:45:00+05:30,1746598200,24413.8,24415.6,24405.75,24408.95,0
2025-05-07 11:50:00+05:30,1746598500,24408.8,24408.8,24370.25,24370.25,0
2025-05-07 11:55:00+05:30,1746598800,24370.55,24374.0,24349.75,24356.95,0
2025-05-07 12:00:00+05:30,1746599100,24356.8,24372.5,24354.75,24357.75,0
2025-05-07 12:05:00+05:30,1746599400,24358.3,24364.8,24352.9,24363.25,0
2025-05-07 12:10:00+05:30,1746599700,24363.15,24381.55,24359.3,24377.7,0
2025-05-07 12:15:00+05:30,1746600000,24378.2,24382.55,24372.0,24374.85,0
2025-05-07 12:20:00+05:30,1746600300,24374.65,24390.5,24365.65,24382.75,0
2025-05-07 12:25:00+05:30,1746600600,24382.95,24389.8,24371.1,24374.1,0
2025-05-07 12:30:00+05:30,1746600900,24374.35,24391.4,24373.15,24387.35,0
2025-05-07 12:35:00+05:30,1746601200,24387.55,24398.25,24385.05,24394.85,0
2025-05-07 12:40:00+05:30,1746601500,24394.65,24395.1,24380.95,24384.9,0
2025-05-07 12:45:00+05:30,1746601800,24384.6,24392.9,24383.3,24388.35,0
2025-05-07 12:50:00+05:30,1746602100,24388.65,24394.8,24388.65,24392.6,0
2025-05-07 12:55:00+05:30,1746602400,24392.65,24400.4,24390.65,24392.45,0
2025-05-07 13:00:00+05:30,1746602700,24392.2,24393.65,24380.35,24382.95,0
2025-05-07 13:05:00+05:30,1746603000,24382.35,24383.35,24366.2,24367.2,0
2025-05-07 13:10:00+05:30,1746603300,24366.85,24368.0,24354.95,24356.65,0
2025-05-07 13:15:00+05:30,1746603600,24357.5,24364.7,24356.9,24362.05,0
2025-05-07 13:20:00+05:30,1746603900,24362.0,24372.65,24361.65,24365.2,0
2025-05-07 13:25:00+05:30,1746604200,24365.45,24369.15,24357.95,24361.9,0
2025-05-07 13:30:00+05:30,1746604500,24362.1,24365.65,24356.4,24356.9,0
2025-05-07 13:35:00+05:30,1746604800,24356.85,24364.0,24351.8,24357.0,0
2025-05-07 13:40:00+05:30,1746605100,24357.2,24358.35,24345.35,24356.05,0
2025-05-07 13:45:00+05:30,1746605400,24355.9,24357.0,24345.9,24355.9,0
2025-05-07 13:50:00+05:30,1746605700,24355.7,24360.35,24346.15,24358.1,0
2025-05-07 13:55:00+05:30,1746606000,24358.25,24364.1,24354.25,24355.9,0
2025-05-07 14:00:00+05:30,1746606300,24356.85,24372.95,24354.15,24371.25,0
2025-05-07 14:05:00+05:30,1746606600,24372.9,24391.25,24368.3,24389.75,0
2025-05-07 14:10:00+05:30,1746606900,24390.35,24409.15,24387.5,24407.95,0
2025-05-07 14:15:00+05:30,1746607200,24408.4,24422.95,24403.3,24406.9,0
2025-05-07 14:20:00+05:30,1746607500,24410.95,24416.85,24393.9,24394.25,0
2025-05-07 14:25:00+05:30,1746607800,24397.35,24397.35,24367.85,24373.95,0
2025-05-07 14:30:00+05:30,1746608100,24376.4,24397.7,24371.6,24392.8,0
2025-05-07 14:35:00+05:30,1746608400,24394.35,24415.0,24390.25,24412.7,0
2025-05-07 14:40:00+05:30,1746608700,24413.45,24426.05,24410.0,24412.05,0
2025-05-07 14:45:00+05:30,1746609000,24412.75,24418.35,24400.75,24414.7,0
2025-05-07 14:50:00+05:30,1746609300,24416.15,24416.9,24404.65,24411.25,0
2025-05-07 14:55:00+05:30,1746609600,24411.55,24411.55,24396.95,24398.35,0
2025-05-07 15:00:00+05:30,1746609900,24398.9,24417.45,24394.4,24395.35,0
2025-05-07 15:05:00+05:30,1746610200,24395.7,24424.05,24395.7,24419.1,0
2025-05-07 15:10:00+05:30,1746610500,24418.6,24422.6,24410.85,24413.6,0
2025-05-07 15:15:00+05:30,1746610800,24412.25,24415.1,24403.45,24407.05,0
2025-05-07 15:20:00+05:30,1746611100,24406.8,24425.05,24406.55,24411.0,0
2025-05-07 15:25:00+05:30,1746611400,24409.75,24413.4,24406.2,24412.3,0
2025-05-07 15:30:00+05:30,1746611700,24410.6,24420.3,24403.8,24409.3,0
2025-05-08 09:20:00+05:30,1746675900,24431.5,24447.25,24393.6,24398.05,0
2025-05-08 09:25:00+05:30,1746676200,24398.45,24413.05,24381.95,24409.95,0
2025-05-08 09:30:00+05:30,1746676500,24409.75,24416.95,24391.45,24392.3,0
2025-05-08 09:35:00+05:30,1746676800,24393.35,24395.1,24373.45,24381.8,0
2025-05-08 09:40:00+05:30,1746677100,24382.0,24406.65,24378.65,24394.5,0
2025-05-08 09:45:00+05:30,1746677400,24394.2,24396.0,24378.0,24391.5,0
2025-05-08 09:50:00+05:30,1746677700,24391.9,24394.65,24375.85,24376.3,0
2025-05-08 09:55:00+05:30,1746678000,24377.35,24387.7,24373.85,24384.0,0
2025-05-08 10:00:00+05:30,1746678300,24384.05,24387.15,24376.95,24380.3,0
2025-05-08 10:05:00+05:30,1746678600,24380.2,24402.2,24380.2,24400.35,0
2025-05-08 10:10:00+05:30,1746678900,24399.55,24400.85,24392.4,24392.85,0
2025-05-08 10:15:00+05:30,1746679200,24393.35,24396.5,24387.9,24391.55,0
2025-05-08 10:20:00+05:30,1746679500,24391.65,24395.65,24384.35,24389.6,0
2025-05-08 10:25:00+05:30,1746679800,24389.55,24407.65,24387.75,24405.7,0
2025-05-08 10:30:00+05:30,1746680100,24404.75,24412.3,24402.6,24404.45,0
2025-05-08 10:35:00+05:30,1746680400,24404.4,24409.45,24394.85,24408.1,0
2025-05-08 10:40:00+05:30,1746680700,24407.25,24408.7,24390.45,24392.5,0
2025-05-08 10:45:00+05:30,1746681000,24392.45,24402.55,24388.0,24398.9,0
2025-05-08 10:50:00+05:30,1746681300,24398.8,24404.3,24390.3,24398.6,0
2025-05-08 10:55:00+05:30,1746681600,24398.75,24405.65,24398.0,24404.05,0
2025-05-08 11:00:00+05:30,1746681900,24403.4,24405.9,24393.2,24397.25,0
2025-05-08 11:05:00+05:30,1746682200,24396.6,24403.85,24396.45,24397.15,0
2025-05-08 11:10:00+05:30,1746682500,24395.5,24405.0,24395.15,24402.6,0
2025-05-08 11:15:00+05:30,1746682800,24402.2,24407.8,24397.15,24398.05,0
2025-05-08 11:20:00+05:30,1746683100,24397.45,24408.9,24397.45,24406.65,0
2025-05-08 11:25:00+05:30,1746683400,24405.95,24410.75,24405.85,24408.3,0
2025-05-08 11:30:00+05:30,1746683700,24408.1,24415.8,24407.65,24412.3,0
2025-05-08 11:35:00+05:30,1746684000,24411.3,24413.6,24407.1,24407.85,0
2025-05-08 11:40:00+05:30,1746684300,24407.05,24412.0,24403.6,24407.75,0
2025-05-08 11:45:00+05:30,1746684600,24407.25,24410.25,24405.2,24408.55,0
2025-05-08 11:50:00+05:30,1746684900,24407.45,24410.2,24398.3,24402.75,0
2025-05-08 11:55:00+05:30,1746685200,24401.7,24407.1,24398.45,24400.7,0
2025-05-08 12:00:00+05:30,1746685500,24400.7,24403.65,24398.25,24401.3,0
2025-05-08 12:05:00+05:30,1746685800,24401.85,24404.25,24397.25,24400.8,0
2025-05-08 12:10:00+05:30,1746686100,24400.7,24403.8,24396.7,24398.2,0
2025-05-08 12:15:00+05:30,1746686400,24397.8,24404.1,24397.15,24403.4,0
2025-05-08 12:20:00+05:30,1746686700,24403.25,24411.2,24399.6,24401.05,0
2025-05-08 12:25:00+05:30,1746687000,24400.1,24406.95,24399.25,24403.35,0
2025-05-08 12:30:00+05:30,1746687300,24403.35,24408.6,24400.4,24402.35,0
2025-05-08 12:35:00+05:30,1746687600,24401.45,24405.3,24399.7,24401.45,0
2025-05-08 12:40:00+05:30,1746687900,24400.9,24404.5,24398.1,24403.1,0
2025-05-08 12:45:00+05:30,1746688200,24403.1,24404.05,24395.35,24397.15,0
2025-05-08 12:50:00+05:30,1746688500,24396.2,24399.95,24395.2,24398.25,0
2025-05-08 12:55:00+05:30,1746688800,24398.2,24403.9,24394.0,24399.8,0
2025-05-08 13:00:00+05:30,1746689100,24398.35,24401.05,24395.15,24400.1,0
2025-05-08 13:05:00+05:30,1746689400,24399.55,24399.9,24392.6,24394.65,0
2025-05-08 13:10:00+05:30,1746689700,24392.8,24396.3,24387.15,24390.2,0
2025-05-08 13:15:00+05:30,1746690000,24390.25,24392.75,24381.05,24385.95,0
2025-05-08 13:20:00+05:30,1746690300,24384.85,24386.7,24370.5,24377.05,0
2025-05-08 13:25:00+05:30,1746690600,24375.6,24378.35,24349.05,24355.55,0
2025-05-08 13:30:00+05:30,1746690900,24354.4,24371.95,24350.6,24366.55,0
2025-05-08 13:35:00+05:30,1746691200,24365.35,24375.85,24361.65,24370.7,0
2025-05-08 13:40:00+05:30,1746691500,24368.55,24371.05,24330.55,24341.45,0
2025-05-08 13:45:00+05:30,1746691800,24340.6,24345.0,24330.45,24337.45,0
2025-05-08 13:50:00+05:30,1746692100,24336.65,24361.1,24322.9,24357.25,0
2025-05-08 13:55:00+05:30,1746692400,24357.35,24360.4,24335.4,24340.1,0
2025-05-08 14:00:00+05:30,1746692700,24338.2,24341.2,24322.55,24330.4,0
2025-05-08 14:05:00+05:30,1746693000,24330.85,24344.2,24329.95,24337.9,0
2025-05-08 14:10:00+05:30,1746693300,24336.3,24344.45,24326.35,24331.45,0
2025-05-08 14:15:00+05:30,1746693600,24329.6,24332.9,24313.5,24316.95,0
2025-05-08 14:20:00+05:30,1746693900,24317.55,24345.8,24314.8,24326.6,0
2025-05-08 14:25:00+05:30,1746694200,24325.1,24341.55,24325.1,24337.55,0
2025-05-08 14:30:00+05:30,1746694500,24334.85,24354.6,24334.3,24349.75,0
2025-05-08 14:35:00+05:30,1746694800,24348.8,24357.3,24339.7,24340.55,0
2025-05-08 14:40:00+05:30,1746695100,24341.0,24348.8,24337.45,24343.55,0
2025-05-08 14:45:00+05:30,1746695400,24343.0,24343.55,24331.15,24338.2,0
2025-05-08 14:50:00+05:30,1746695700,24338.05,24339.9,24309.25,24318.35,0
2025-05-08 14:55:00+05:30,1746696000,24317.35,24317.85,24260.9,24263.05,0
2025-05-08 15:00:00+05:30,1746696300,24260.85,24294.9,24244.0,24262.2,0
2025-05-08 15:05:00+05:30,1746696600,24267.75,24294.6,24247.7,24286.6,0
2025-05-08 15:10:00+05:30,1746696900,24286.65,24322.6,24286.65,24318.45,0
2025-05-08 15:15:00+05:30,1746697200,24319.9,24322.1,24302.9,24309.15,0
2025-05-08 15:20:00+05:30,1746697500,24308.45,24310.9,24266.4,24266.95,0
2025-05-08 15:25:00+05:30,1746697800,24266.1,24268.1,24213.4,24213.75,0
2025-05-08 15:30:00+05:30,1746698100,24214.45,24223.5,24150.2,24154.1,0
2025-05-09 09:20:00+05:30,1746762300,23935.75,24158.7,23935.75,24116.75,0
2025-05-09 09:25:00+05:30,1746762600,24113.5,24161.1,24059.8,24090.0,0
2025-05-09 09:30:00+05:30,1746762900,24090.8,24164.25,24069.9,24080.8,0
2025-05-09 09:35:00+05:30,1746763200,24083.55,24097.8,24039.15,24047.0,0
2025-05-09 09:40:00+05:30,1746763500,24044.9,24087.8,24041.5,24085.7,0
2025-05-09 09:45:00+05:30,1746763800,24086.35,24122.7,24083.3,24090.5,0
2025-05-09 09:50:00+05:30,1746764100,24092.25,24111.7,24051.8,24051.8,0
2025-05-09 09:55:00+05:30,1746764400,24052.0,24066.45,24031.6,24032.3,0
2025-05-09 10:00:00+05:30,1746764700,24031.65,24048.2,24011.1,24012.5,0
2025-05-09 10:05:00+05:30,1746765000,24012.6,24016.7,23972.55,23977.65,0
2025-05-09 10:10:00+05:30,1746765300,23977.6,23993.9,23949.2,23985.8,0
2025-05-09 10:15:00+05:30,1746765600,23985.35,24063.45,23978.7,24060.65,0
2025-05-09 10:20:00+05:30,1746765900,24061.2,24086.75,24045.05,24048.9,0
2025-05-09 10:25:00+05:30,1746766200,24048.7,24074.35,24030.55,24062.55,0
2025-05-09 10:30:00+05:30,1746766500,24061.9,24061.95,24031.2,24046.7,0
2025-05-09 10:35:00+05:30,1746766800,24046.6,24057.3,24030.5,24031.75,0
2025-05-09 10:40:00+05:30,1746767100,24030.4,24063.25,24016.75,24018.3,0
2025-05-09 10:45:00+05:30,1746767400,24018.9,24029.2,24007.75,24009.25,0
2025-05-09 10:50:00+05:30,1746767700,24008.65,24019.0,24004.75,24008.8,0
2025-05-09 10:55:00+05:30,1746768000,24008.4,24016.95,23978.0,23980.25,0
2025-05-09 11:00:00+05:30,1746768300,23981.1,23995.1,23976.65,23987.3,0
2025-05-09 11:05:00+05:30,1746768600,23987.45,24010.9,23987.45,24008.55,0
2025-05-09 11:10:00+05:30,1746768900,24008.05,24017.2,23996.3,23996.8,0
2025-05-09 11:15:00+05:30,1746769200,23996.35,24015.05,23989.4,24012.85,0
2025-05-09 11:20:00+05:30,1746769500,24012.3,24022.5,24005.4,24010.35,0
2025-05-09 11:25:00+05:30,1746769800,24010.8,24030.65,23999.45,24024.8,0
2025-05-09 11:30:00+05:30,1746770100,24023.8,24094.0,24022.6,24093.9,0
2025-05-09 11:35:00+05:30,1746770400,24093.0,24121.3,24082.5,24093.2,0
2025-05-09 11:40:00+05:30,1746770700,24091.75,24094.05,24067.65,24077.7,0
2025-05-09 11:45:00+05:30,1746771000,24077.6,24083.35,24057.55,24057.55,0
2025-05-09 11:50:00+05:30,1746771300,24055.9,24060.75,24013.95,24018.35,0
2025-05-09 11:55:00+05:30,1746771600,24019.5,24045.2,24019.15,24038.9,0
2025-05-09 12:00:00+05:30,1746771900,24038.55,24060.85,24036.4,24055.3,0
2025-05-09 12:05:00+05:30,1746772200,24053.65,24056.1,24024.0,24025.95,0
2025-05-09 12:10:00+05:30,1746772500,24026.5,24043.9,24025.0,24042.2,0
2025-05-09 12:15:00+05:30,1746772800,24042.25,24053.5,24031.8,24049.7,0
2025-05-09 12:20:00+05:30,1746773100,24049.85,24054.55,24027.15,24027.9,0
2025-05-09 12:25:00+05:30,1746773400,24027.2,24036.15,24010.15,24034.2,0
2025-05-09 12:30:00+05:30,1746773700,24032.95,24044.95,24030.5,24036.4,0
2025-05-09 12:35:00+05:30,1746774000,24036.15,24036.15,24010.75,24012.05,0
2025-05-09 12:40:00+05:30,1746774300,24011.55,24026.95,24008.75,24014.25,0
2025-05-09 12:45:00+05:30,1746774600,24013.75,24022.2,24004.85,24006.85,0
2025-05-09 12:50:00+05:30,1746774900,24006.8,24023.65,24001.85,24023.65,0
2025-05-09 12:55:00+05:30,1746775200,24023.25,24045.6,24022.25,24042.0,0
2025-05-09 13:00:00+05:30,1746775500,24042.0,24042.5,24017.8,24033.35,0
2025-05-09 13:05:00+05:30,1746775800,24032.65,24038.5,24011.9,24017.35,0
2025-05-09 13:10:00+05:30,1746776100,24017.1,24017.8,23992.8,23998.9,0
2025-05-09 13:15:00+05:30,1746776400,23998.9,24021.1,23995.95,24009.25,0
2025-05-09 13:20:00+05:30,1746776700,24008.8,24024.7,24007.85,24023.8,0
2025-05-09 13:25:00+05:30,1746777000,24022.4,24022.95,23976.2,23977.95,0
2025-05-09 13:30:00+05:30,1746777300,23977.95,23987.9,23961.7,23966.9,0
2025-05-09 13:35:00+05:30,1746777600,23965.75,23998.5,23963.8,23976.0,0
2025-05-09 13:40:00+05:30,1746777900,23975.8,23984.65,23971.55,23979.45,0
2025-05-09 13:45:00+05:30,1746778200,23978.75,23986.85,23965.4,23980.65,0
2025-05-09 13:50:00+05:30,1746778500,23980.35,23995.6,23972.85,23977.5,0
2025-05-09 13:55:00+05:30,1746778800,23976.7,24013.5,23976.45,24013.5,0
2025-05-09 14:00:00+05:30,1746779100,24011.9,24013.35,23978.55,23980.75,0
2025-05-09 14:05:00+05:30,1746779400,23978.4,24011.3,23977.95,23992.75,0
2025-05-09 14:10:00+05:30,1746779700,23992.35,24000.1,23980.15,23998.3,0
2025-05-09 14:15:00+05:30,1746780000,23998.1,24009.65,23987.45,24005.05,0
2025-05-09 14:20:00+05:30,1746780300,24004.6,24032.75,24003.5,24011.85,0
2025-05-09 14:25:00+05:30,1746780600,24011.7,24016.7,23975.9,23978.0,0
2025-05-09 14:30:00+05:30,1746780900,23977.55,23980.35,23960.95,23965.45,0
2025-05-09 14:35:00+05:30,1746781200,23964.95,23995.55,23963.2,23982.6,0
2025-05-09 14:40:00+05:30,1746781500,23982.4,23987.65,23974.2,23981.6,0
2025-05-09 14:45:00+05:30,1746781800,23981.4,23992.25,23975.6,23987.3,0
2025-05-09 14:50:00+05:30,1746782100,23986.15,24003.8,23985.65,24003.0,0
2025-05-09 14:55:00+05:30,1746782400,24002.1,24025.7,24000.5,24003.9,0
2025-05-09 15:00:00+05:30,1746782700,24003.15,24016.75,23998.45,24016.75,0
2025-05-09 15:05:00+05:30,1746783000,24013.8,24017.55,23988.45,23995.9,0
2025-05-09 15:10:00+05:30,1746783300,23993.4,24013.15,23993.4,24001.55,0
2025-05-09 15:15:00+05:30,1746783600,23999.6,24003.95,23993.2,24000.55,0
2025-05-09 15:20:00+05:30,1746783900,23999.3,24019.05,23997.35,24019.05,0
2025-05-09 15:25:00+05:30,1746784200,24017.6,24022.85,24001.1,24022.05,0
2025-05-09 15:30:00+05:30,1746784500,24020.0,24046.9,24017.45,24038.65,0
2025-05-12 09:20:00+05:30,1747021500,24420.1,24563.4,24378.85,24561.4,0
2025-05-12 09:25:00+05:30,1747021800,24562.45,24590.35,24562.45,24579.95,0
2025-05-12 09:30:00+05:30,1747022100,24578.65,24597.15,24572.05,24595.2,0
2025-05-12 09:35:00+05:30,1747022400,24596.1,24620.6,24585.6,24618.65,0
2025-05-12 09:40:00+05:30,1747022700,24618.55,24633.6,24602.25,24607.15,0
2025-05-12 09:45:00+05:30,1747023000,24607.85,24621.25,24583.4,24591.7,0
2025-05-12 09:50:00+05:30,1747023300,24592.85,24614.5,24592.4,24611.65,0
2025-05-12 09:55:00+05:30,1747023600,24613.15,24677.05,24613.15,24673.95,0
2025-05-12 10:00:00+05:30,1747023900,24675.45,24737.8,24670.5,24725.0,0
2025-05-12 10:05:00+05:30,1747024200,24725.55,24731.4,24691.45,24698.8,0
2025-05-12 10:10:00+05:30,1747024500,24698.45,24701.05,24681.1,24682.0,0
2025-05-12 10:15:00+05:30,1747024800,24682.3,24689.65,24668.4,24682.65,0
2025-05-12 10:20:00+05:30,1747025100,24682.3,24708.3,24682.3,24691.05,0
2025-05-12 10:25:00+05:30,1747025400,24691.1,24718.45,24691.1,24717.45,0
2025-05-12 10:30:00+05:30,1747025700,24718.05,24723.55,24696.75,24696.9,0
2025-05-12 10:35:00+05:30,1747026000,24697.5,24712.85,24686.5,24687.75,0
2025-05-12 10:40:00+05:30,1747026300,24687.15,24700.2,24679.0,24683.1,0
2025-05-12 10:45:00+05:30,1747026600,24682.8,24700.0,24673.3,24699.75,0
2025-05-12 10:50:00+05:30,1747026900,24699.95,24700.55,24674.95,24687.05,0
2025-05-12 10:55:00+05:30,1747027200,24687.15,24691.85,24677.75,24688.75,0
2025-05-12 11:00:00+05:30,1747027500,24689.1,24694.15,24669.1,24678.2,0
2025-05-12 11:05:00+05:30,1747027800,24679.3,24694.0,24679.3,24683.75,0
2025-05-12 11:10:00+05:30,1747028100,24684.1,24711.15,24683.85,24708.4,0
2025-05-12 11:15:00+05:30,1747028400,24709.65,24714.85,24701.9,24702.85,0
2025-05-12 11:20:00+05:30,1747028700,24703.2,24709.9,24698.55,24700.8,0
2025-05-12 11:25:00+05:30,1747029000,24700.95,24725.75,24700.3,24722.75,0
2025-05-12 11:30:00+05:30,1747029300,24723.15,24745.75,24722.2,24733.3,0
2025-05-12 11:35:00+05:30,1747029600,24733.15,24744.6,24732.05,24736.1,0
2025-05-12 11:40:00+05:30,1747029900,24736.0,24739.55,24718.9,24724.5,0
2025-05-12 11:45:00+05:30,1747030200,24725.05,24730.15,24715.75,24728.2,0
2025-05-12 11:50:00+05:30,1747030500,24727.4,24731.2,24713.2,24726.15,0
2025-05-12 11:55:00+05:30,1747030800,24726.75,24727.55,24716.35,24725.25,0
2025-05-12 12:00:00+05:30,1747031100,24726.3,24729.75,24715.5,24716.85,0
2025-05-12 12:05:00+05:30,1747031400,24717.3,24724.05,24711.35,24717.05,0
2025-05-12 12:10:00+05:30,1747031700,24717.25,24728.45,24717.05,24717.5,0
2025-05-12 12:15:00+05:30,1747032000,24718.0,24724.2,24713.4,24721.3,0
2025-05-12 12:20:00+05:30,1747032300,24723.3,24727.65,24717.2,24718.3,0
2025-05-12 12:25:00+05:30,1747032600,24718.7,24722.3,24702.65,24703.7,0
2025-05-12 12:30:00+05:30,1747032900,24703.0,24705.5,24690.35,24702.45,0
2025-05-12 12:35:00+05:30,1747033200,24702.35,24787.85,24702.35,24786.3,0
2025-05-12 12:40:00+05:30,1747033500,24788.05,24803.25,24776.75,24803.2,0
2025-05-12 12:45:00+05:30,1747033800,24803.2,24806.3,24778.55,24790.0,0
2025-05-12 12:50:00+05:30,1747034100,24789.9,24792.0,24774.8,24776.5,0
2025-05-12 12:55:00+05:30,1747034400,24775.55,24783.65,24772.35,24776.6,0
2025-05-12 13:00:00+05:30,1747034700,24777.55,24802.95,24774.8,24800.9,0
2025-05-12 13:05:00+05:30,1747035000,24801.45,24807.05,24781.25,24781.25,0
2025-05-12 13:10:00+05:30,1747035300,24782.15,24798.4,24779.95,24796.25,0
2025-05-12 13:15:00+05:30,1747035600,24796.15,24797.75,24784.45,24789.15,0
2025-05-12 13:20:00+05:30,1747035900,24789.0,24801.15,24789.0,24799.55,0
2025-05-12 13:25:00+05:30,1747036200,24799.2,24820.45,24798.5,24818.65,0
2025-05-12 13:30:00+05:30,1747036500,24818.2,24823.85,24803.7,24821.5,0
2025-05-12 13:35:00+05:30,1747036800,24821.65,24841.0,24818.2,24836.95,0
2025-05-12 13:40:00+05:30,1747037100,24836.65,24839.6,24827.3,24837.25,0
2025-05-12 13:45:00+05:30,1747037400,24838.15,24850.4,24836.0,24843.95,0
2025-05-12 13:50:00+05:30,1747037700,24845.2,24853.75,24840.75,24844.7,0
2025-05-12 13:55:00+05:30,1747038000,24846.2,24847.65,24833.75,24835.85,0
2025-05-12 14:00:00+05:30,1747038300,24835.45,24845.45,24830.1,24843.95,0
2025-05-12 14:05:00+05:30,1747038600,24844.8,24848.6,24840.95,24843.0,0
2025-05-12 14:10:00+05:30,1747038900,24843.25,24846.2,24836.0,24839.45,0
2025-05-12 14:15:00+05:30,1747039200,24840.0,24866.95,24836.65,24866.2,0
2025-05-12 14:20:00+05:30,1747039500,24866.25,24902.9,24866.25,24887.0,0
2025-05-12 14:25:00+05:30,1747039800,24887.15,24897.3,24883.6,24892.15,0
2025-05-12 14:30:00+05:30,1747040100,24892.5,24900.35,24889.15,24898.0,0
2025-05-12 14:35:00+05:30,1747040400,24897.1,24907.2,24874.45,24878.55,0
2025-05-12 14:40:00+05:30,1747040700,24878.25,24888.7,24864.85,24866.15,0
2025-05-12 14:45:00+05:30,1747041000,24866.5,24878.25,24854.75,24862.35,0
2025-05-12 14:50:00+05:30,1747041300,24862.2,24881.5,24858.2,24877.7,0
2025-05-12 14:55:00+05:30,1747041600,24874.75,24898.05,24871.15,24894.8,0
2025-05-12 15:00:00+05:30,1747041900,24894.35,24926.2,24891.6,24921.6,0
2025-05-12 15:05:00+05:30,1747042200,24920.85,24930.4,24909.2,24909.2,0
2025-05-12 15:10:00+05:30,1747042500,24909.5,24912.5,24898.35,24905.7,0
2025-05-12 15:15:00+05:30,1747042800,24905.75,24915.05,24905.15,24907.45,0
2025-05-12 15:20:00+05:30,1747043100,24906.05,24944.8,24904.75,24941.0,0
2025-05-12 15:25:00+05:30,1747043400,24941.45,24943.65,24928.65,24934.0,0
2025-05-12 15:30:00+05:30,1747043700,24932.9,24935.45,24920.25,24920.25,0
2025-05-13 09:20:00+05:30,1747107900,24864.05,24973.8,24836.75,24869.1,0
2025-05-13 09:25:00+05:30,1747108200,24868.35,24876.9,24780.45,24782.5,0
2025-05-13 09:30:00+05:30,1747108500,24780.5,24821.45,24754.1,24767.4,0
2025-05-13 09:35:00+05:30,1747108800,24765.6,24767.1,24675.6,24743.25,0
2025-05-13 09:40:00+05:30,1747109100,24744.95,24846.6,24743.95,24834.7,0
2025-05-13 09:45:00+05:30,1747109400,24838.3,24838.3,24743.95,24745.2,0
2025-05-13 09:50:00+05:30,1747109700,24747.25,24754.75,24677.6,24692.55,0
2025-05-13 09:55:00+05:30,1747110000,24692.3,24756.65,24678.95,24738.9,0
2025-05-13 10:00:00+05:30,1747110300,24737.45,24756.1,24711.25,24711.95,0
2025-05-13 10:05:00+05:30,1747110600,24710.0,24732.55,24681.15,24685.25,0
2025-05-13 10:10:00+05:30,1747110900,24686.9,24776.2,24686.9,24776.2,0
2025-05-13 10:15:00+05:30,1747111200,24783.05,24789.45,24742.95,24770.85,0
2025-05-13 10:20:00+05:30,1747111500,24771.1,24797.6,24750.6,24751.7,0
2025-05-13 10:25:00+05:30,1747111800,24752.15,24772.45,24737.85,24748.35,0
2025-05-13 10:30:00+05:30,1747112100,24748.25,24758.05,24658.2,24658.2,0
2025-05-13 10:35:00+05:30,1747112400,24655.85,24687.05,24634.9,24663.3,0
2025-05-13 10:40:00+05:30,1747112700,24664.65,24697.0,24658.55,24695.25,0
2025-05-13 10:45:00+05:30,1747113000,24695.05,24709.15,24680.15,24700.8,0
2025-05-13 10:50:00+05:30,1747113300,24701.15,24721.15,24683.1,24709.1,0
2025-05-13 10:55:00+05:30,1747113600,24710.25,24759.2,24709.95,24733.0,0
2025-05-13 11:00:00+05:30,1747113900,24733.8,24761.65,24713.4,24759.5,0
2025-05-13 11:05:00+05:30,1747114200,24759.65,24837.8,24742.05,24805.5,0
2025-05-13 11:10:00+05:30,1747114500,24805.6,24806.45,24746.75,24752.8,0
2025-05-13 11:15:00+05:30,1747114800,24753.15,24755.2,24700.35,24724.55,0
2025-05-13 11:20:00+05:30,1747115100,24725.05,24791.8,24723.25,24788.6,0
2025-05-13 11:25:00+05:30,1747115400,24783.35,24792.35,24742.65,24746.35,0
2025-05-13 11:30:00+05:30,1747115700,24746.7,24810.45,24745.65,24797.15,0
2025-05-13 11:35:00+05:30,1747116000,24794.95,24817.9,24769.0,24796.95,0
2025-05-13 11:40:00+05:30,1747116300,24796.85,24797.7,24747.9,24757.55,0
2025-05-13 11:45:00+05:30,1747116600,24757.45,24786.65,24738.25,24740.9,0
2025-05-13 11:50:00+05:30,1747116900,24739.45,24764.05,24723.55,24734.05,0
2025-05-13 11:55:00+05:30,1747117200,24734.15,24746.75,24717.55,24738.25,0
2025-05-13 12:00:00+05:30,1747117500,24737.75,24744.9,24709.2,24722.3,0
2025-05-13 12:05:00+05:30,1747117800,24722.1,24737.65,24693.9,24717.7,0
2025-05-13 12:10:00+05:30,1747118100,24717.95,24766.1,24714.35,24749.65,0
2025-05-13 12:15:00+05:30,1747118400,24749.65,24771.45,24738.55,24755.45,0
2025-05-13 12:20:00+05:30,1747118700,24755.55,24772.0,24735.7,24736.15,0
2025-05-13 12:25:00+05:30,1747119000,24737.95,24744.1,24715.05,24717.45,0
2025-05-13 12:30:00+05:30,1747119300,24717.45,24726.55,24697.4,24712.75,0
2025-05-13 12:35:00+05:30,1747119600,24712.85,24726.35,24660.05,24669.45,0
2025-05-13 12:40:00+05:30,1747119900,24673.6,24682.8,24644.45,24669.2,0
2025-05-13 12:45:00+05:30,1747120200,24670.2,24671.15,24640.2,24644.05,0
2025-05-13 12:50:00+05:30,1747120500,24644.5,24665.25,24640.15,24657.6,0
2025-05-13 12:55:00+05:30,1747120800,24658.15,24659.55,24614.15,24615.0,0
2025-05-13 13:00:00+05:30,1747121100,24615.0,24636.5,24597.6,24604.6,0
2025-05-13 13:05:00+05:30,1747121400,24605.55,24643.25,24602.25,24631.0,0
2025-05-13 13:10:00+05:30,1747121700,24631.75,24648.9,24612.25,24622.55,0
2025-05-13 13:15:00+05:30,1747122000,24622.7,24636.0,24610.25,24630.8,0
2025-05-13 13:20:00+05:30,1747122300,24633.4,24637.0,24592.75,24595.95,0
2025-05-13 13:25:00+05:30,1747122600,24596.8,24618.05,24594.8,24609.7,0
2025-05-13 13:30:00+05:30,1747122900,24611.3,24620.7,24589.6,24592.1,0
2025-05-13 13:35:00+05:30,1747123200,24591.8,24610.3,24589.5,24596.0,0
2025-05-13 13:40:00+05:30,1747123500,24593.75,24613.1,24588.35,24596.55,0
2025-05-13 13:45:00+05:30,1747123800,24596.65,24615.9,24595.3,24614.5,0
2025-05-13 13:50:00+05:30,1747124100,24613.45,24617.85,24599.65,24608.95,0
2025-05-13 13:55:00+05:30,1747124400,24607.1,24613.95,24590.7,24603.65,0
2025-05-13 14:00:00+05:30,1747124700,24603.05,24608.3,24582.4,24585.75,0
2025-05-13 14:05:00+05:30,1747125000,24585.1,24601.6,24576.0,24597.85,0
2025-05-13 14:10:00+05:30,1747125300,24597.0,24609.4,24592.4,24606.4,0
2025-05-13 14:15:00+05:30,1747125600,24605.6,24609.05,24586.95,24590.45,0
2025-05-13 14:20:00+05:30,1747125900,24590.25,24592.35,24560.7,24563.75,0
2025-05-13 14:25:00+05:30,1747126200,24563.5,24600.35,24563.5,24595.9,0
2025-05-13 14:30:00+05:30,1747126500,24595.8,24606.3,24581.35,24586.6,0
2025-05-13 14:35:00+05:30,1747126800,24585.8,24596.9,24575.55,24587.6,0
2025-05-13 14:40:00+05:30,1747127100,24587.2,24617.5,24587.2,24614.85,0
2025-05-13 14:45:00+05:30,1747127400,24614.5,24615.95,24596.85,24601.15,0
2025-05-13 14:50:00+05:30,1747127700,24599.85,24636.85,24599.85,24612.55,0
2025-05-13 14:55:00+05:30,1747128000,24613.1,24628.85,24611.35,24615.1,0
2025-05-13 15:00:00+05:30,1747128300,24614.55,24629.45,24591.3,24615.55,0
2025-05-13 15:05:00+05:30,1747128600,24615.75,24621.2,24574.25,24574.85,0
2025-05-13 15:10:00+05:30,1747128900,24576.15,24586.2,24569.0,24581.6,0
2025-05-13 15:15:00+05:30,1747129200,24582.35,24582.35,24559.15,24560.0,0
2025-05-13 15:20:00+05:30,1747129500,24561.05,24587.2,24557.7,24578.15,0
2025-05-13 15:25:00+05:30,1747129800,24580.05,24586.7,24547.5,24561.85,0
2025-05-13 15:30:00+05:30,1747130100,24561.45,24594.3,24560.8,24593.65,0
2025-05-14 09:20:00+05:30,1747194300,24613.8,24675.0,24581.75,24663.05,0
2025-05-14 09:25:00+05:30,1747194600,24664.1,24706.75,24659.6,24700.0,0
2025-05-14 09:30:00+05:30,1747194900,24699.45,24737.55,24699.45,24718.1,0
2025-05-14 09:35:00+05:30,1747195200,24717.9,24721.95,24664.6,24666.25,0
2025-05-14 09:40:00+05:30,1747195500,24667.1,24698.1,24657.6,24688.6,0
2025-05-14 09:45:00+05:30,1747195800,24688.2,24745.5,24687.35,24742.8,0
2025-05-14 09:50:00+05:30,1747196100,24742.85,24751.45,24736.75,24738.6,0
2025-05-14 09:55:00+05:30,1747196400,24737.75,24737.75,24690.8,24706.15,0
2025-05-14 10:00:00+05:30,1747196700,24706.1,24737.85,24704.75,24727.4,0
2025-05-14 10:05:00+05:30,1747197000,24727.2,24734.8,24718.75,24726.05,0
2025-05-14 10:10:00+05:30,1747197300,24725.95,24745.4,24725.05,24743.5,0
2025-05-14 10:15:00+05:30,1747197600,24743.45,24758.55,24734.2,24758.15,0
2025-05-14 10:20:00+05:30,1747197900,24757.4,24763.65,24746.95,24760.75,0
2025-05-14 10:25:00+05:30,1747198200,24760.7,24767.3,24756.3,24766.75,0
2025-05-14 10:30:00+05:30,1747198500,24765.85,24767.55,24738.75,24744.65,0
2025-05-14 10:35:00+05:30,1747198800,24744.85,24747.15,24719.3,24720.3,0
2025-05-14 10:40:00+05:30,1747199100,24720.4,24728.95,24711.25,24723.15,0
2025-05-14 10:45:00+05:30,1747199400,24723.5,24737.6,24719.95,24733.8,0
2025-05-14 10:50:00+05:30,1747199700,24734.0,24740.1,24718.6,24720.4,0
2025-05-14 10:55:00+05:30,1747200000,24720.1,24720.1,24702.0,24712.45,0
2025-05-14 11:00:00+05:30,1747200300,24712.75,24713.0,24683.45,24684.6,0
2025-05-14 11:05:00+05:30,1747200600,24684.65,24702.05,24684.35,24694.0,0
2025-05-14 11:10:00+05:30,1747200900,24693.9,24709.6,24692.8,24702.55,0
2025-05-14 11:15:00+05:30,1747201200,24702.35,24707.85,24698.0,24700.95,0
2025-05-14 11:20:00+05:30,1747201500,24699.65,24712.75,24693.45,24705.4,0
2025-05-14 11:25:00+05:30,1747201800,24705.9,24717.55,24702.15,24716.35,0
2025-05-14 11:30:00+05:30,1747202100,24716.25,24724.9,24708.0,24718.0,0
2025-05-14 11:35:00+05:30,1747202400,24717.85,24721.8,24708.95,24710.4,0
2025-05-14 11:40:00+05:30,1747202700,24710.35,24713.7,24697.15,24699.05,0
2025-05-14 11:45:00+05:30,1747203000,24699.0,24708.2,24681.1,24686.25,0
2025-05-14 11:50:00+05:30,1747203300,24686.55,24686.55,24633.05,24640.8,0
2025-05-14 11:55:00+05:30,1747203600,24640.7,24653.9,24639.95,24641.05,0
2025-05-14 12:00:00+05:30,1747203900,24641.2,24662.15,24640.55,24662.15,0
2025-05-14 12:05:00+05:30,1747204200,24662.0,24668.3,24654.75,24666.35,0
2025-05-14 12:10:00+05:30,1747204500,24665.55,24668.6,24657.5,24661.15,0
2025-05-14 12:15:00+05:30,1747204800,24661.15,24679.55,24660.6,24677.1,0
2025-05-14 12:20:00+05:30,1747205100,24677.25,24677.4,24667.5,24674.6,0
2025-05-14 12:25:00+05:30,1747205400,24675.05,24679.65,24668.5,24669.45,0
2025-05-14 12:30:00+05:30,1747205700,24669.85,24673.05,24660.35,24662.25,0
2025-05-14 12:35:00+05:30,1747206000,24663.3,24664.75,24653.85,24655.5,0
2025-05-14 12:40:00+05:30,1747206300,24656.1,24657.4,24609.35,24621.4,0
2025-05-14 12:45:00+05:30,1747206600,24621.15,24636.4,24612.9,24629.7,0
2025-05-14 12:50:00+05:30,1747206900,24629.9,24635.8,24602.65,24602.8,0
2025-05-14 12:55:00+05:30,1747207200,24601.45,24601.45,24535.55,24573.95,0
2025-05-14 13:00:00+05:30,1747207500,24574.0,24584.0,24554.15,24581.7,0
2025-05-14 13:05:00+05:30,1747207800,24581.65,24633.7,24578.9,24619.55,0
2025-05-14 13:10:00+05:30,1747208100,24619.45,24634.4,24617.95,24632.95,0
2025-05-14 13:15:00+05:30,1747208400,24633.3,24643.0,24629.55,24636.05,0
2025-05-14 13:20:00+05:30,1747208700,24636.45,24643.15,24604.35,24622.2,0
2025-05-14 13:25:00+05:30,1747209000,24621.6,24635.05,24616.8,24635.05,0
2025-05-14 13:30:00+05:30,1747209300,24634.9,24660.95,24633.9,24644.95,0
2025-05-14 13:35:00+05:30,1747209600,24644.55,24646.45,24639.15,24644.7,0
2025-05-14 13:40:00+05:30,1747209900,24644.65,24648.0,24631.5,24634.9,0
2025-05-14 13:45:00+05:30,1747210200,24634.7,24647.85,24625.35,24628.5,0
2025-05-14 13:50:00+05:30,1747210500,24628.55,24635.75,24614.7,24623.4,0
2025-05-14 13:55:00+05:30,1747210800,24622.95,24631.5,24620.45,24629.95,0
2025-05-14 14:00:00+05:30,1747211100,24629.7,24638.2,24619.5,24621.8,0
2025-05-14 14:05:00+05:30,1747211400,24618.9,24620.0,24596.75,24601.05,0
2025-05-14 14:10:00+05:30,1747211700,24599.95,24615.25,24599.95,24615.25,0
2025-05-14 14:15:00+05:30,1747212000,24614.95,24616.35,24598.9,24615.0,0
2025-05-14 14:20:00+05:30,1747212300,24614.55,24618.7,24605.65,24618.4,0
2025-05-14 14:25:00+05:30,1747212600,24617.1,24633.0,24614.5,24629.75,0
2025-05-14 14:30:00+05:30,1747212900,24628.55,24630.3,24609.1,24611.2,0
2025-05-14 14:35:00+05:30,1747213200,24609.8,24618.2,24577.7,24586.15,0
2025-05-14 14:40:00+05:30,1747213500,24585.05,24599.0,24584.95,24586.55,0
2025-05-14 14:45:00+05:30,1747213800,24585.0,24665.65,24585.0,24625.55,0
2025-05-14 14:50:00+05:30,1747214100,24624.95,24636.55,24618.4,24633.55,0
2025-05-14 14:55:00+05:30,1747214400,24633.05,24637.7,24624.15,24632.95,0
2025-05-14 15:00:00+05:30,1747214700,24633.05,24642.05,24629.45,24633.25,0
2025-05-14 15:05:00+05:30,1747215000,24633.3,24667.05,24632.25,24659.8,0
2025-05-14 15:10:00+05:30,1747215300,24659.7,24673.4,24658.6,24673.4,0
2025-05-14 15:15:00+05:30,1747215600,24672.65,24675.2,24661.0,24669.55,0
2025-05-14 15:20:00+05:30,1747215900,24669.95,24670.75,24651.3,24657.7,0
2025-05-14 15:25:00+05:30,1747216200,24658.15,24678.9,24657.55,24677.6,0
2025-05-14 15:30:00+05:30,1747216500,24678.35,24696.35,24678.35,24685.75,0
2025-05-15 09:20:00+05:30,1747280700,24694.45,24706.75,24605.2,24622.7,0
2025-05-15 09:25:00+05:30,1747281000,24620.0,24625.2,24584.65,24621.7,0
2025-05-15 09:30:00+05:30,1747281300,24619.5,24628.55,24601.15,24611.85,0
2025-05-15 09:35:00+05:30,1747281600,24611.3,24626.15,24596.3,24596.3,0
2025-05-15 09:40:00+05:30,1747281900,24594.65,24594.65,24561.35,24564.05,0
2025-05-15 09:45:00+05:30,1747282200,24564.55,24574.85,24538.2,24546.9,0
2025-05-15 09:50:00+05:30,1747282500,24545.3,24556.8,24494.45,24547.65,0
2025-05-15 09:55:00+05:30,1747282800,24545.9,24585.55,24530.25,24555.4,0
2025-05-15 10:00:00+05:30,1747283100,24554.9,24575.65,24540.3,24560.75,0
2025-05-15 10:05:00+05:30,1747283400,24560.7,24571.05,24537.35,24542.55,0
2025-05-15 10:10:00+05:30,1747283700,24542.45,24553.5,24511.5,24528.7,0
2025-05-15 10:15:00+05:30,1747284000,24527.35,24568.5,24523.15,24561.7,0
2025-05-15 10:20:00+05:30,1747284300,24562.2,24586.8,24546.6,24546.6,0
2025-05-15 10:25:00+05:30,1747284600,24547.8,24571.85,24533.2,24567.55,0
2025-05-15 10:30:00+05:30,1747284900,24567.55,24575.5,24551.45,24564.95,0
2025-05-15 10:35:00+05:30,1747285200,24564.5,24627.25,24564.5,24622.15,0
2025-05-15 10:40:00+05:30,1747285500,24620.8,24738.95,24611.25,24738.85,0
2025-05-15 10:45:00+05:30,1747285800,24742.8,24807.75,24736.5,24745.9,0
2025-05-15 10:50:00+05:30,1747286100,24745.35,24763.15,24693.95,24725.2,0
2025-05-15 10:55:00+05:30,1747286400,24724.15,24739.8,24696.8,24704.65,0
2025-05-15 11:00:00+05:30,1747286700,24704.65,24790.15,24703.15,24780.3,0
2025-05-15 11:05:00+05:30,1747287000,24782.8,24783.95,24711.8,24712.3,0
2025-05-15 11:10:00+05:30,1747287300,24711.4,24718.7,24668.05,24693.8,0
2025-05-15 11:15:00+05:30,1747287600,24694.5,24695.15,24600.6,24617.25,0
2025-05-15 11:20:00+05:30,1747287900,24617.7,24683.2,24608.55,24654.6,0
2025-05-15 11:25:00+05:30,1747288200,24654.75,24662.8,24603.75,24614.9,0
2025-05-15 11:30:00+05:30,1747288500,24615.5,24658.0,24614.45,24643.8,0
2025-05-15 11:35:00+05:30,1747288800,24640.3,24643.55,24607.9,24619.95,0
2025-05-15 11:40:00+05:30,1747289100,24620.95,24636.25,24601.15,24623.0,0
2025-05-15 11:45:00+05:30,1747289400,24623.4,24647.3,24613.8,24635.85,0
2025-05-15 11:50:00+05:30,1747289700,24636.15,24659.95,24627.85,24628.4,0
2025-05-15 11:55:00+05:30,1747290000,24628.7,24631.15,24614.05,24628.8,0
2025-05-15 12:00:00+05:30,1747290300,24629.8,24651.7,24628.9,24628.9,0
2025-05-15 12:05:00+05:30,1747290600,24629.4,24639.75,24616.45,24639.7,0
2025-05-15 12:10:00+05:30,1747290900,24639.55,24707.9,24639.2,24699.8,0
2025-05-15 12:15:00+05:30,1747291200,24700.5,24700.5,24651.1,24661.05,0
2025-05-15 12:20:00+05:30,1747291500,24662.05,24740.05,24662.05,24697.5,0
2025-05-15 12:25:00+05:30,1747291800,24696.9,24696.9,24637.8,24659.95,0
2025-05-15 12:30:00+05:30,1747292100,24659.65,24659.65,24629.9,24635.55,0
2025-05-15 12:35:00+05:30,1747292400,24635.95,24652.95,24626.3,24649.8,0
2025-05-15 12:40:00+05:30,1747292700,24649.35,24699.8,24639.55,24686.05,0
2025-05-15 12:45:00+05:30,1747293000,24685.65,24687.6,24637.15,24643.55,0
2025-05-15 12:50:00+05:30,1747293300,24643.3,24655.65,24636.15,24648.15,0
2025-05-15 12:55:00+05:30,1747293600,24648.5,24681.8,24639.2,24676.8,0
2025-05-15 13:00:00+05:30,1747293900,24676.9,24692.2,24675.35,24683.95,0
2025-05-15 13:05:00+05:30,1747294200,24683.55,24752.3,24683.55,24734.65,0
2025-05-15 13:10:00+05:30,1747294500,24734.45,24856.9,24733.6,24814.95,0
2025-05-15 13:15:00+05:30,1747294800,24813.9,24888.9,24813.9,24886.3,0
2025-05-15 13:20:00+05:30,1747295100,24887.15,24917.8,24850.7,24886.45,0
2025-05-15 13:25:00+05:30,1747295400,24885.75,24888.85,24848.8,24880.05,0
2025-05-15 13:30:00+05:30,1747295700,24881.25,24905.3,24863.25,24903.6,0
2025-05-15 13:35:00+05:30,1747296000,24905.25,24977.15,24905.25,24965.4,0
2025-05-15 13:40:00+05:30,1747296300,24965.15,24994.05,24940.1,24984.65,0
2025-05-15 13:45:00+05:30,1747296600,24984.15,25003.05,24977.8,24986.25,0
2025-05-15 13:50:00+05:30,1747296900,24987.35,25065.6,24987.25,25040.75,0
2025-05-15 13:55:00+05:30,1747297200,25043.55,25076.35,25041.55,25064.95,0
2025-05-15 14:00:00+05:30,1747297500,25065.9,25089.8,25057.45,25076.65,0
2025-05-15 14:05:00+05:30,1747297800,25074.6,25079.95,25037.05,25071.95,0
2025-05-15 14:10:00+05:30,1747298100,25071.75,25074.15,25053.25,25063.85,0
2025-05-15 14:15:00+05:30,1747298400,25063.55,25106.05,25063.55,25091.0,0
2025-05-15 14:20:00+05:30,1747298700,25091.5,25109.35,25070.5,25098.1,0
2025-05-15 14:25:00+05:30,1747299000,25095.75,25106.0,25078.05,25086.95,0
2025-05-15 14:30:00+05:30,1747299300,25087.7,25116.25,25083.9,25105.45,0
2025-05-15 14:35:00+05:30,1747299600,25104.85,25108.15,25044.35,25058.25,0
2025-05-15 14:40:00+05:30,1747299900,25057.0,25090.05,25049.2,25065.55,0
2025-05-15 14:45:00+05:30,1747300200,25066.2,25088.85,25055.85,25087.45,0
2025-05-15 14:50:00+05:30,1747300500,25089.15,25089.15,25063.65,25070.1,0
2025-05-15 14:55:00+05:30,1747300800,25070.55,25076.05,25061.4,25067.05,0
2025-05-15 15:00:00+05:30,1747301100,25068.75,25068.75,25040.0,25064.4,0
2025-05-15 15:05:00+05:30,1747301400,25065.0,25082.15,25048.6,25079.85,0
2025-05-15 15:10:00+05:30,1747301700,25079.9,25085.6,25073.55,25081.05,0
2025-05-15 15:15:00+05:30,1747302000,25081.2,25081.75,25056.05,25056.4,0
2025-05-15 15:20:00+05:30,1747302300,25055.2,25061.8,25043.65,25050.1,0
2025-05-15 15:25:00+05:30,1747302600,25050.45,25063.45,25050.35,25058.3,0
2025-05-15 15:30:00+05:30,1747302900,25057.9,25062.45,25035.3,25035.3,0
2025-05-16 09:20:00+05:30,1747367100,25064.65,25065.25,24994.5,25003.7,0
2025-05-16 09:25:00+05:30,1747367400,25003.5,25023.7,24984.0,25001.7,0
2025-05-16 09:30:00+05:30,1747367700,25000.4,25035.25,24993.55,25033.6,0
2025-05-16 09:35:00+05:30,1747368000,25033.25,25070.0,25007.85,25009.3,0
2025-05-16 09:40:00+05:30,1747368300,25007.7,25024.95,24997.9,25003.15,0
2025-05-16 09:45:00+05:30,1747368600,25004.75,25038.8,24983.15,25017.1,0
2025-05-16 09:50:00+05:30,1747368900,25017.25,25030.7,25008.0,25013.5,0
2025-05-16 09:55:00+05:30,1747369200,25013.9,25015.4,24975.8,24979.15,0
2025-05-16 10:00:00+05:30,1747369500,24977.8,25004.95,24977.8,24992.15,0
2025-05-16 10:05:00+05:30,1747369800,24991.55,25028.9,24989.25,25021.8,0
2025-05-16 10:10:00+05:30,1747370100,25021.85,25023.45,25006.1,25007.05,0
2025-05-16 10:15:00+05:30,1747370400,25007.1,25008.85,24993.15,25005.15,0
2025-05-16 10:20:00+05:30,1747370700,25005.65,25027.35,24999.85,25022.7,0
2025-05-16 10:25:00+05:30,1747371000,25022.85,25040.85,24990.35,24993.0,0
2025-05-16 10:30:00+05:30,1747371300,24993.2,25013.75,24987.6,25007.45,0
2025-05-16 10:35:00+05:30,1747371600,25006.9,25013.15,24998.6,25000.3,0
2025-05-16 10:40:00+05:30,1747371900,25000.15,25007.6,24983.7,24993.9,0
2025-05-16 10:45:00+05:30,1747372200,24994.2,25014.3,24993.85,24996.6,0
2025-05-16 10:50:00+05:30,1747372500,24996.75,25003.8,24991.8,24996.35,0
2025-05-16 10:55:00+05:30,1747372800,24995.75,24999.7,24991.45,24991.95,0
2025-05-16 11:00:00+05:30,1747373100,24991.2,25004.6,24991.1,25000.9,0
2025-05-16 11:05:00+05:30,1747373400,25001.45,25001.45,24979.3,24989.45,0
2025-05-16 11:10:00+05:30,1747373700,24989.2,24989.2,24953.05,24956.5,0
2025-05-16 11:15:00+05:30,1747374000,24956.1,24975.6,24954.85,24975.45,0
2025-05-16 11:20:00+05:30,1747374300,24975.15,24985.3,24969.2,24985.0,0
2025-05-16 11:25:00+05:30,1747374600,24984.7,24985.3,24972.6,24978.4,0
2025-05-16 11:30:00+05:30,1747374900,24977.6,24978.6,24958.7,24961.9,0
2025-05-16 11:35:00+05:30,1747375200,24961.85,24994.55,24960.25,24994.45,0
2025-05-16 11:40:00+05:30,1747375500,24994.2,24997.9,24985.7,24986.6,0
2025-05-16 11:45:00+05:30,1747375800,24986.4,24987.7,24975.15,24981.3,0
2025-05-16 11:50:00+05:30,1747376100,24981.15,24992.0,24980.7,24986.2,0
2025-05-16 11:55:00+05:30,1747376400,24986.0,24988.5,24975.65,24975.95,0
2025-05-16 12:00:00+05:30,1747376700,24975.95,24981.1,24971.4,24973.55,0
2025-05-16 12:05:00+05:30,1747377000,24973.7,24991.55,24972.8,24988.95,0
2025-05-16 12:10:00+05:30,1747377300,24989.25,24990.65,24982.2,24983.65,0
2025-05-16 12:15:00+05:30,1747377600,24983.5,24984.4,24974.0,24976.05,0
2025-05-16 12:20:00+05:30,1747377900,24974.65,24982.3,24968.8,24979.05,0
2025-05-16 12:25:00+05:30,1747378200,24979.0,24983.2,24974.7,24977.6,0
2025-05-16 12:30:00+05:30,1747378500,24977.3,24988.6,24976.9,24988.55,0
2025-05-16 12:35:00+05:30,1747378800,24988.25,25004.1,24982.25,25002.65,0
2025-05-16 12:40:00+05:30,1747379100,25004.15,25004.6,24991.5,24995.65,0
2025-05-16 12:45:00+05:30,1747379400,24995.15,25002.6,24992.6,25001.55,0
2025-05-16 12:50:00+05:30,1747379700,25001.5,25018.5,24999.0,25002.7,0
2025-05-16 12:55:00+05:30,1747380000,25003.05,25012.9,25000.75,25004.15,0
2025-05-16 13:00:00+05:30,1747380300,25004.15,25005.6,24988.65,24988.95,0
2025-05-16 13:05:00+05:30,1747380600,24988.9,24999.6,24986.85,24998.55,0
2025-05-16 13:10:00+05:30,1747380900,24998.85,25007.45,24995.2,24997.05,0
2025-05-16 13:15:00+05:30,1747381200,24997.0,25008.6,24994.9,25006.8,0
2025-05-16 13:20:00+05:30,1747381500,25006.75,25015.5,25004.1,25010.4,0
2025-05-16 13:25:00+05:30,1747381800,25010.95,25015.4,25005.5,25008.5,0
2025-05-16 13:30:00+05:30,1747382100,25008.25,25034.8,25007.45,25029.75,0
2025-05-16 13:35:00+05:30,1747382400,25029.9,25031.9,25018.65,25020.2,0
2025-05-16 13:40:00+05:30,1747382700,25021.1,25025.6,25015.35,25016.75,0
2025-05-16 13:45:00+05:30,1747383000,25017.0,25017.3,24997.25,25001.25,0
2025-05-16 13:50:00+05:30,1747383300,24999.9,25012.3,24994.45,25008.35,0
2025-05-16 13:55:00+05:30,1747383600,25008.6,25020.3,25008.05,25016.7,0
2025-05-16 14:00:00+05:30,1747383900,25017.05,25020.3,25010.6,25014.2,0
2025-05-16 14:05:00+05:30,1747384200,25014.55,25022.5,25010.25,25020.75,0
2025-05-16 14:10:00+05:30,1747384500,25020.95,25031.5,25019.15,25026.75,0
2025-05-16 14:15:00+05:30,1747384800,25027.0,25032.95,25018.1,25019.95,0
2025-05-16 14:20:00+05:30,1747385100,25019.6,25025.05,24999.7,25002.1,0
2025-05-16 14:25:00+05:30,1747385400,25003.4,25015.4,25000.3,25013.5,0
2025-05-16 14:30:00+05:30,1747385700,25013.55,25018.95,25002.3,25003.1,0
2025-05-16 14:35:00+05:30,1747386000,25002.7,25004.5,24992.35,25000.3,0
2025-05-16 14:40:00+05:30,1747386300,25001.9,25018.0,24996.1,25015.8,0
2025-05-16 14:45:00+05:30,1747386600,25015.7,25019.8,25011.85,25014.95,0
2025-05-16 14:50:00+05:30,1747386900,25014.4,25017.9,25008.7,25010.35,0
2025-05-16 14:55:00+05:30,1747387200,25011.05,25019.45,25008.35,25013.1,0
2025-05-16 15:00:00+05:30,1747387500,25013.4,25016.5,25005.3,25011.9,0
2025-05-16 15:05:00+05:30,1747387800,25012.3,25027.7,25011.65,25023.25,0
2025-05-16 15:10:00+05:30,1747388100,25023.65,25032.9,25020.05,25032.9,0
2025-05-16 15:15:00+05:30,1747388400,25033.15,25034.5,25023.55,25024.2,0
2025-05-16 15:20:00+05:30,1747388700,25025.45,25025.6,25015.35,25017.0,0
2025-05-16 15:25:00+05:30,1747389000,25017.5,25018.3,25010.8,25015.95,0
2025-05-16 15:30:00+05:30,1747389300,25015.0,25018.9,25002.7,25013.1,0
2025-05-19 09:20:00+05:30,1747626300,25005.35,25058.7,24965.8,25026.5,0
2025-05-19 09:25:00+05:30,1747626600,25027.85,25047.15,25006.15,25044.85,0
2025-05-19 09:30:00+05:30,1747626900,25043.7,25043.7,25003.35,25014.45,0
2025-05-19 09:35:00+05:30,1747627200,25014.15,25056.55,25013.5,25032.9,0
2025-05-19 09:40:00+05:30,1747627500,25032.95,25033.95,24983.4,24984.5,0
2025-05-19 09:45:00+05:30,1747627800,24984.65,25022.45,24978.0,25009.25,0
2025-05-19 09:50:00+05:30,1747628100,25008.75,25019.75,24994.55,25018.1,0
2025-05-19 09:55:00+05:30,1747628400,25018.65,25029.3,25006.65,25014.8,0
2025-05-19 10:00:00+05:30,1747628700,25014.4,25016.55,24996.25,25013.1,0
2025-05-19 10:05:00+05:30,1747629000,25013.65,25035.65,25002.05,25032.1,0
2025-05-19 10:10:00+05:30,1747629300,25032.6,25043.95,25026.45,25042.75,0
2025-05-19 10:15:00+05:30,1747629600,25042.5,25049.4,25034.4,25040.85,0
2025-05-19 10:20:00+05:30,1747629900,25040.2,25062.95,25038.65,25041.1,0
2025-05-19 10:25:00+05:30,1747630200,25040.4,25055.75,25038.85,25052.6,0
2025-05-19 10:30:00+05:30,1747630500,25053.4,25058.15,25015.65,25024.1,0
2025-05-19 10:35:00+05:30,1747630800,25023.25,25035.65,25015.4,25023.75,0
2025-05-19 10:40:00+05:30,1747631100,25024.1,25026.75,25011.1,25011.7,0
2025-05-19 10:45:00+05:30,1747631400,25011.8,25018.7,25001.95,25003.35,0
2025-05-19 10:50:00+05:30,1747631700,25003.75,25012.75,24999.45,25012.7,0
2025-05-19 10:55:00+05:30,1747632000,25012.5,25039.9,25008.25,25036.3,0
2025-05-19 11:00:00+05:30,1747632300,25035.95,25040.6,25032.05,25034.8,0
2025-05-19 11:05:00+05:30,1747632600,25034.9,25042.75,25023.5,25041.85,0
2025-05-19 11:10:00+05:30,1747632900,25041.7,25045.85,25035.25,25039.5,0
2025-05-19 11:15:00+05:30,1747633200,25039.9,25040.9,25022.3,25027.05,0
2025-05-19 11:20:00+05:30,1747633500,25026.55,25043.1,25024.4,25038.0,0
2025-05-19 11:25:00+05:30,1747633800,25038.05,25039.65,25023.1,25025.15,0
2025-05-19 11:30:00+05:30,1747634100,25025.2,25029.0,25023.0,25026.05,0
2025-05-19 11:35:00+05:30,1747634400,25026.15,25030.35,25009.5,25010.85,0
2025-05-19 11:40:00+05:30,1747634700,25010.5,25020.8,25008.5,25013.3,0
2025-05-19 11:45:00+05:30,1747635000,25013.0,25017.25,25006.95,25008.8,0
2025-05-19 11:50:00+05:30,1747635300,25008.1,25012.45,24999.4,24999.9,0
2025-05-19 11:55:00+05:30,1747635600,24999.95,25025.1,24998.95,25019.9,0
2025-05-19 12:00:00+05:30,1747635900,25019.8,25022.35,25000.75,25001.75,0
2025-05-19 12:05:00+05:30,1747636200,25001.6,25003.75,24979.65,24983.05,0
2025-05-19 12:10:00+05:30,1747636500,24983.15,24996.3,24982.1,24987.95,0
2025-05-19 12:15:00+05:30,1747636800,24988.4,24992.7,24979.1,24987.5,0
2025-05-19 12:20:00+05:30,1747637100,24987.4,24998.85,24972.25,24997.05,0
2025-05-19 12:25:00+05:30,1747637400,24997.85,25012.05,24997.0,25008.85,0
2025-05-19 12:30:00+05:30,1747637700,25008.7,25017.5,25004.45,25010.55,0
2025-05-19 12:35:00+05:30,1747638000,25009.85,25014.45,25005.65,25009.35,0
2025-05-19 12:40:00+05:30,1747638300,25009.45,25011.8,25000.1,25001.7,0
2025-05-19 12:45:00+05:30,1747638600,25001.55,25007.7,24999.95,25003.4,0
2025-05-19 12:50:00+05:30,1747638900,25003.2,25009.7,24997.85,25005.2,0
2025-05-19 12:55:00+05:30,1747639200,25004.85,25018.6,25003.15,25014.2,0
2025-05-19 13:00:00+05:30,1747639500,25013.75,25016.55,25010.0,25012.1,0
2025-05-19 13:05:00+05:30,1747639800,25011.25,25016.1,24995.75,25001.55,0
2025-05-19 13:10:00+05:30,1747640100,25001.45,25004.35,24983.35,24983.5,0
2025-05-19 13:15:00+05:30,1747640400,24983.65,24986.0,24975.95,24980.55,0
2025-05-19 13:20:00+05:30,1747640700,24980.45,24989.7,24974.7,24983.05,0
2025-05-19 13:25:00+05:30,1747641000,24982.35,25006.1,24981.85,25002.5,0
2025-05-19 13:30:00+05:30,1747641300,25002.45,25003.65,24988.8,24996.45,0
2025-05-19 13:35:00+05:30,1747641600,24996.0,25004.0,24984.05,24989.75,0
2025-05-19 13:40:00+05:30,1747641900,24991.1,24993.0,24981.6,24991.45,0
2025-05-19 13:45:00+05:30,1747642200,24990.85,24992.95,24978.25,24981.5,0
2025-05-19 13:50:00+05:30,1747642500,24982.6,24985.45,24972.0,24974.75,0
2025-05-19 13:55:00+05:30,1747642800,24977.65,24984.8,24970.45,24983.4,0
2025-05-19 14:00:00+05:30,1747643100,24982.75,24984.7,24972.55,24975.0,0
2025-05-19 14:05:00+05:30,1747643400,24974.45,24977.9,24943.8,24949.5,0
2025-05-19 14:10:00+05:30,1747643700,24952.45,24954.1,24934.25,24940.5,0
2025-05-19 14:15:00+05:30,1747644000,24942.25,24942.25,24919.3,24940.35,0
2025-05-19 14:20:00+05:30,1747644300,24940.2,24960.2,24935.75,24958.7,0
2025-05-19 14:25:00+05:30,1747644600,24958.75,24960.55,24944.6,24947.0,0
2025-05-19 14:30:00+05:30,1747644900,24950.2,24951.7,24935.1,24938.85,0
2025-05-19 14:35:00+05:30,1747645200,24938.5,24946.55,24932.55,24943.3,0
2025-05-19 14:40:00+05:30,1747645500,24945.2,24948.2,24938.65,24942.5,0
2025-05-19 14:45:00+05:30,1747645800,24942.15,24949.65,24938.55,24940.2,0
2025-05-19 14:50:00+05:30,1747646100,24941.3,24942.8,24916.65,24929.85,0
2025-05-19 14:55:00+05:30,1747646400,24931.55,24937.35,24919.0,24922.15,0
2025-05-19 15:00:00+05:30,1747646700,24923.2,24931.7,24921.4,24926.45,0
2025-05-19 15:05:00+05:30,1747647000,24926.95,24958.5,24926.2,24948.65,0
2025-05-19 15:10:00+05:30,1747647300,24947.9,24956.15,24936.25,24945.25,0
2025-05-19 15:15:00+05:30,1747647600,24945.65,24949.5,24942.5,24945.65,0
2025-05-19 15:20:00+05:30,1747647900,24945.35,24946.85,24940.3,24945.4,0
2025-05-19 15:25:00+05:30,1747648200,24944.85,24947.95,24939.75,24945.25,0
2025-05-19 15:30:00+05:30,1747648500,24944.8,24951.65,24927.45,24935.35,0
2025-05-20 09:20:00+05:30,1747712700,24996.2,25010.35,24968.0,24976.15,0
2025-05-20 09:25:00+05:30,1747713000,24975.6,24985.05,24936.0,24960.0,0
2025-05-20 09:30:00+05:30,1747713300,24960.6,24971.5,24934.45,24935.65,0
2025-05-20 09:35:00+05:30,1747713600,24935.4,24956.9,24916.75,24935.55,0
2025-05-20 09:40:00+05:30,1747713900,24935.1,24961.7,24932.25,24956.45,0
2025-05-20 09:45:00+05:30,1747714200,24956.35,24956.95,24913.9,24915.75,0
2025-05-20 09:50:00+05:30,1747714500,24916.15,24916.15,24887.6,24898.05,0
2025-05-20 09:55:00+05:30,1747714800,24898.3,24906.05,24863.4,24873.7,0
2025-05-20 10:00:00+05:30,1747715100,24873.5,24897.45,24867.25,24894.05,0
2025-05-20 10:05:00+05:30,1747715400,24893.65,24895.45,24874.3,24892.5,0
2025-05-20 10:10:00+05:30,1747715700,24891.9,24909.85,24886.1,24897.0,0
2025-05-20 10:15:00+05:30,1747716000,24897.05,24902.2,24888.6,24899.4,0
2025-05-20 10:20:00+05:30,1747716300,24899.5,24902.6,24879.0,24892.45,0
2025-05-20 10:25:00+05:30,1747716600,24892.8,24896.8,24889.6,24890.9,0
2025-05-20 10:30:00+05:30,1747716900,24890.85,24902.5,24884.5,24889.1,0
2025-05-20 10:35:00+05:30,1747717200,24888.55,24899.5,24887.4,24895.3,0
2025-05-20 10:40:00+05:30,1747717500,24894.15,24932.0,24893.75,24929.0,0
2025-05-20 10:45:00+05:30,1747717800,24928.85,24935.15,24922.9,24927.0,0
2025-05-20 10:50:00+05:30,1747718100,24927.25,24967.25,24926.65,24947.4,0
2025-05-20 10:55:00+05:30,1747718400,24947.1,24951.35,24927.8,24927.95,0
2025-05-20 11:00:00+05:30,1747718700,24928.25,24932.65,24917.15,24930.85,0
2025-05-20 11:05:00+05:30,1747719000,24932.0,24946.55,24920.3,24930.5,0
2025-05-20 11:10:00+05:30,1747719300,24930.95,24935.9,24925.15,24926.35,0
2025-05-20 11:15:00+05:30,1747719600,24927.35,24927.85,24905.95,24920.75,0
2025-05-20 11:20:00+05:30,1747719900,24921.05,24921.05,24895.2,24902.55,0
2025-05-20 11:25:00+05:30,1747720200,24900.9,24902.4,24888.6,24892.55,0
2025-05-20 11:30:00+05:30,1747720500,24893.15,24905.35,24889.7,24890.55,0
2025-05-20 11:35:00+05:30,1747720800,24890.8,24895.7,24876.7,24894.65,0
2025-05-20 11:40:00+05:30,1747721100,24895.5,24901.15,24881.1,24881.95,0
2025-05-20 11:45:00+05:30,1747721400,24882.15,24882.9,24865.05,24870.3,0
2025-05-20 11:50:00+05:30,1747721700,24869.7,24879.75,24863.75,24870.15,0
2025-05-20 11:55:00+05:30,1747722000,24870.95,24881.75,24845.95,24858.3,0
2025-05-20 12:00:00+05:30,1747722300,24859.45,24862.75,24844.55,24862.5,0
2025-05-20 12:05:00+05:30,1747722600,24862.6,24876.45,24859.4,24868.95,0
2025-05-20 12:10:00+05:30,1747722900,24869.1,24887.9,24865.5,24885.1,0
2025-05-20 12:15:00+05:30,1747723200,24886.25,24887.3,24856.35,24859.2,0
2025-05-20 12:20:00+05:30,1747723500,24862.0,24867.75,24855.2,24860.1,0
2025-05-20 12:25:00+05:30,1747723800,24860.7,24865.95,24854.15,24858.35,0
2025-05-20 12:30:00+05:30,1747724100,24858.85,24866.15,24852.05,24862.35,0
2025-05-20 12:35:00+05:30,1747724400,24862.65,24876.2,24858.8,24866.35,0
2025-05-20 12:40:00+05:30,1747724700,24866.4,24870.95,24861.7,24864.4,0
2025-05-20 12:45:00+05:30,1747725000,24863.25,24870.35,24849.9,24859.6,0
2025-05-20 12:50:00+05:30,1747725300,24860.65,24865.05,24825.05,24832.05,0
2025-05-20 12:55:00+05:30,1747725600,24829.75,24838.15,24801.75,24809.9,0
2025-05-20 13:00:00+05:30,1747725900,24810.1,24815.9,24780.65,24792.5,0
2025-05-20 13:05:00+05:30,1747726200,24792.25,24807.85,24788.6,24792.95,0
2025-05-20 13:10:00+05:30,1747726500,24793.6,24814.65,24787.2,24788.2,0
2025-05-20 13:15:00+05:30,1747726800,24788.5,24806.15,24784.05,24790.7,0
2025-05-20 13:20:00+05:30,1747727100,24790.45,24793.25,24765.4,24766.65,0
2025-05-20 13:25:00+05:30,1747727400,24766.75,24786.35,24766.75,24776.0,0
2025-05-20 13:30:00+05:30,1747727700,24776.25,24789.4,24772.6,24781.0,0
2025-05-20 13:35:00+05:30,1747728000,24781.05,24795.1,24775.55,24781.3,0
2025-05-20 13:40:00+05:30,1747728300,24781.25,24781.95,24766.85,24772.45,0
2025-05-20 13:45:00+05:30,1747728600,24772.3,24777.15,24750.65,24762.2,0
2025-05-20 13:50:00+05:30,1747728900,24761.8,24783.0,24753.85,24776.2,0
2025-05-20 13:55:00+05:30,1747729200,24776.05,24784.55,24771.9,24775.45,0
2025-05-20 14:00:00+05:30,1747729500,24775.05,24778.15,24767.1,24767.95,0
2025-05-20 14:05:00+05:30,1747729800,24767.5,24770.25,24745.8,24751.2,0
2025-05-20 14:10:00+05:30,1747730100,24750.75,24752.2,24728.1,24735.5,0
2025-05-20 14:15:00+05:30,1747730400,24735.4,24743.35,24729.15,24738.35,0
2025-05-20 14:20:00+05:30,1747730700,24737.1,24745.6,24726.75,24727.5,0
2025-05-20 14:25:00+05:30,1747731000,24727.35,24729.7,24707.55,24713.95,0
2025-05-20 14:30:00+05:30,1747731300,24714.05,24716.15,24700.9,24704.1,0
2025-05-20 14:35:00+05:30,1747731600,24704.0,24708.55,24696.8,24707.95,0
2025-05-20 14:40:00+05:30,1747731900,24709.1,24710.95,24699.9,24707.1,0
2025-05-20 14:45:00+05:30,1747732200,24707.05,24707.1,24676.6,24681.9,0
2025-05-20 14:50:00+05:30,1747732500,24681.65,24707.05,24679.15,24699.15,0
2025-05-20 14:55:00+05:30,1747732800,24699.8,24706.7,24688.7,24689.25,0
2025-05-20 15:00:00+05:30,1747733100,24688.65,24691.7,24675.95,24677.3,0
2025-05-20 15:05:00+05:30,1747733400,24677.25,24695.2,24674.95,24680.15,0
2025-05-20 15:10:00+05:30,1747733700,24679.8,24686.8,24669.7,24686.2,0
2025-05-20 15:15:00+05:30,1747734000,24685.45,24703.55,24684.2,24693.1,0
2025-05-20 15:20:00+05:30,1747734300,24692.85,24693.7,24672.05,24676.65,0
2025-05-20 15:25:00+05:30,1747734600,24676.6,24688.9,24675.9,24683.15,0
2025-05-20 15:30:00+05:30,1747734900,24682.75,24713.85,24682.45,24713.85,0
2025-05-21 09:20:00+05:30,1747799100,24744.25,24766.15,24700.3,24723.15,0
2025-05-21 09:25:00+05:30,1747799400,24723.55,24753.4,24705.6,24706.9,0
2025-05-21 09:30:00+05:30,1747799700,24706.35,24746.05,24692.65,24738.3,0
2025-05-21 09:35:00+05:30,1747800000,24738.2,24776.1,24722.5,24771.75,0
2025-05-21 09:40:00+05:30,1747800300,24772.6,24808.75,24765.15,24807.75,0
2025-05-21 09:45:00+05:30,1747800600,24807.95,24817.05,24791.65,24796.65,0
2025-05-21 09:50:00+05:30,1747800900,24795.7,24839.75,24794.3,24829.25,0
2025-05-21 09:55:00+05:30,1747801200,24830.65,24844.3,24818.6,24842.05,0
2025-05-21 10:00:00+05:30,1747801500,24841.5,24843.45,24807.25,24815.9,0
2025-05-21 10:05:00+05:30,1747801800,24815.85,24841.45,24811.25,24832.35,0
2025-05-21 10:10:00+05:30,1747802100,24833.15,24861.85,24827.4,24860.15,0
2025-05-21 10:15:00+05:30,1747802400,24860.05,24870.2,24852.25,24869.2,0
2025-05-21 10:20:00+05:30,1747802700,24869.85,24905.6,24869.85,24892.8,0
2025-05-21 10:25:00+05:30,1747803000,24893.1,24911.9,24892.9,24905.95,0
2025-05-21 10:30:00+05:30,1747803300,24906.35,24914.2,24884.0,24893.65,0
2025-05-21 10:35:00+05:30,1747803600,24893.6,24905.05,24892.85,24904.25,0
2025-05-21 10:40:00+05:30,1747803900,24904.3,24946.2,24904.3,24933.35,0
2025-05-21 10:45:00+05:30,1747804200,24933.35,24943.95,24914.1,24916.1,0
2025-05-21 10:50:00+05:30,1747804500,24916.2,24923.4,24905.95,24923.15,0
2025-05-21 10:55:00+05:30,1747804800,24923.55,24936.05,24912.9,24915.85,0
2025-05-21 11:00:00+05:30,1747805100,24915.85,24928.65,24909.05,24914.8,0
2025-05-21 11:05:00+05:30,1747805400,24915.05,24921.45,24878.8,24878.8,0
2025-05-21 11:10:00+05:30,1747805700,24878.6,24903.4,24858.05,24902.6,0
2025-05-21 11:15:00+05:30,1747806000,24902.6,24917.0,24894.55,24896.95,0
2025-05-21 11:20:00+05:30,1747806300,24896.3,24912.55,24893.8,24909.4,0
2025-05-21 11:25:00+05:30,1747806600,24909.45,24914.4,24869.0,24869.9,0
2025-05-21 11:30:00+05:30,1747806900,24869.75,24886.15,24865.8,24871.0,0
2025-05-21 11:35:00+05:30,1747807200,24871.3,24875.2,24845.8,24851.55,0
2025-05-21 11:40:00+05:30,1747807500,24851.65,24866.45,24833.6,24863.5,0
2025-05-21 11:45:00+05:30,1747807800,24863.5,24878.85,24852.3,24853.05,0
2025-05-21 11:50:00+05:30,1747808100,24853.15,24854.85,24819.0,24823.7,0
2025-05-21 11:55:00+05:30,1747808400,24823.6,24834.3,24812.4,24826.85,0
2025-05-21 12:00:00+05:30,1747808700,24826.7,24834.8,24825.4,24827.85,0
2025-05-21 12:05:00+05:30,1747809000,24828.55,24829.35,24780.45,24781.55,0
2025-05-21 12:10:00+05:30,1747809300,24780.15,24794.4,24777.35,24778.55,0
2025-05-21 12:15:00+05:30,1747809600,24779.15,24781.0,24727.1,24733.45,0
2025-05-21 12:20:00+05:30,1747809900,24735.45,24736.55,24685.35,24713.25,0
2025-05-21 12:25:00+05:30,1747810200,24713.7,24767.4,24710.15,24760.25,0
2025-05-21 12:30:00+05:30,1747810500,24760.3,24762.0,24717.0,24743.05,0
2025-05-21 12:35:00+05:30,1747810800,24744.15,24775.0,24742.5,24766.55,0
2025-05-21 12:40:00+05:30,1747811100,24766.15,24808.5,24763.0,24795.7,0
2025-05-21 12:45:00+05:30,1747811400,24796.1,24803.4,24776.75,24780.3,0
2025-05-21 12:50:00+05:30,1747811700,24780.15,24785.55,24751.55,24771.7,0
2025-05-21 12:55:00+05:30,1747812000,24773.2,24774.75,24737.3,24737.35,0
2025-05-21 13:00:00+05:30,1747812300,24737.25,24780.4,24736.3,24776.6,0
2025-05-21 13:05:00+05:30,1747812600,24775.6,24790.05,24767.35,24789.2,0
2025-05-21 13:10:00+05:30,1747812900,24789.25,24802.35,24778.15,24783.65,0
2025-05-21 13:15:00+05:30,1747813200,24784.35,24804.15,24780.8,24800.05,0
2025-05-21 13:20:00+05:30,1747813500,24800.2,24831.05,24793.2,24826.55,0
2025-05-21 13:25:00+05:30,1747813800,24826.35,24839.35,24810.15,24812.1,0
2025-05-21 13:30:00+05:30,1747814100,24812.05,24815.4,24775.1,24775.1,0
2025-05-21 13:35:00+05:30,1747814400,24776.1,24802.75,24776.1,24801.95,0
2025-05-21 13:40:00+05:30,1747814700,24801.85,24815.15,24769.0,24786.35,0
2025-05-21 13:45:00+05:30,1747815000,24786.4,24788.6,24758.5,24762.8,0
2025-05-21 13:50:00+05:30,1747815300,24762.6,24785.2,24761.15,24784.55,0
2025-05-21 13:55:00+05:30,1747815600,24784.9,24787.6,24773.7,24784.3,0
2025-05-21 14:00:00+05:30,1747815900,24785.0,24793.8,24774.75,24777.3,0
2025-05-21 14:05:00+05:30,1747816200,24777.6,24780.5,24740.8,24746.55,0
2025-05-21 14:10:00+05:30,1747816500,24746.65,24771.95,24746.65,24770.45,0
2025-05-21 14:15:00+05:30,1747816800,24771.55,24799.2,24763.35,24799.2,0
2025-05-21 14:20:00+05:30,1747817100,24799.1,24804.05,24789.35,24793.7,0
2025-05-21 14:25:00+05:30,1747817400,24794.9,24819.35,24792.0,24803.05,0
2025-05-21 14:30:00+05:30,1747817700,24803.7,24813.3,24798.25,24808.75,0
2025-05-21 14:35:00+05:30,1747818000,24808.8,24818.95,24803.85,24808.8,0
2025-05-21 14:40:00+05:30,1747818300,24807.95,24819.6,24802.95,24807.2,0
2025-05-21 14:45:00+05:30,1747818600,24807.0,24813.0,24780.65,24785.55,0
2025-05-21 14:50:00+05:30,1747818900,24786.1,24806.0,24785.95,24798.7,0
2025-05-21 14:55:00+05:30,1747819200,24799.3,24813.9,24790.15,24810.95,0
2025-05-21 15:00:00+05:30,1747819500,24810.35,24812.9,24796.35,24807.0,0
2025-05-21 15:05:00+05:30,1747819800,24807.6,24828.45,24807.2,24816.75,0
2025-05-21 15:10:00+05:30,1747820100,24816.7,24829.85,24815.0,24828.4,0
2025-05-21 15:15:00+05:30,1747820400,24827.45,24827.75,24803.65,24809.4,0
2025-05-21 15:20:00+05:30,1747820700,24809.25,24815.7,24806.5,24811.45,0
2025-05-21 15:25:00+05:30,1747821000,24811.05,24819.95,24794.85,24797.45,0
2025-05-21 15:30:00+05:30,1747821300,24796.65,24806.5,24796.5,24800.95,0
2025-05-22 09:20:00+05:30,1747885500,24733.95,24737.5,24627.05,24643.05,0
2025-05-22 09:25:00+05:30,1747885800,24644.7,24644.7,24574.65,24580.55,0
2025-05-22 09:30:00+05:30,1747886100,24580.6,24614.0,24574.0,24590.5,0
2025-05-22 09:35:00+05:30,1747886400,24591.45,24591.45,24545.0,24548.95,0
2025-05-22 09:40:00+05:30,1747886700,24548.75,24603.75,24541.6,24575.25,0
2025-05-22 09:45:00+05:30,1747887000,24574.8,24616.05,24564.3,24589.95,0
2025-05-22 09:50:00+05:30,1747887300,24590.5,24593.05,24556.65,24576.4,0
2025-05-22 09:55:00+05:30,1747887600,24574.65,24599.1,24559.8,24589.3,0
2025-05-22 10:00:00+05:30,1747887900,24588.15,24629.65,24571.35,24629.65,0
2025-05-22 10:05:00+05:30,1747888200,24631.65,24631.7,24602.3,24609.05,0
2025-05-22 10:10:00+05:30,1747888500,24606.1,24609.8,24580.2,24594.95,0
2025-05-22 10:15:00+05:30,1747888800,24593.85,24612.65,24587.6,24606.05,0
2025-05-22 10:20:00+05:30,1747889100,24606.45,24621.0,24601.15,24609.7,0
2025-05-22 10:25:00+05:30,1747889400,24610.85,24622.8,24602.75,24613.55,0
2025-05-22 10:30:00+05:30,1747889700,24613.45,24615.65,24571.15,24580.25,0
2025-05-22 10:35:00+05:30,1747890000,24580.75,24599.4,24576.6,24599.4,0
2025-05-22 10:40:00+05:30,1747890300,24600.05,24628.6,24598.85,24603.5,0
2025-05-22 10:45:00+05:30,1747890600,24604.1,24622.8,24603.15,24605.55,0
2025-05-22 10:50:00+05:30,1747890900,24606.8,24613.05,24594.1,24599.15,0
2025-05-22 10:55:00+05:30,1747891200,24599.4,24611.3,24597.95,24600.1,0
2025-05-22 11:00:00+05:30,1747891500,24600.4,24611.75,24593.3,24605.15,0
2025-05-22 11:05:00+05:30,1747891800,24605.9,24610.25,24593.25,24594.2,0
2025-05-22 11:10:00+05:30,1747892100,24594.5,24603.7,24588.15,24600.05,0
2025-05-22 11:15:00+05:30,1747892400,24600.35,24605.0,24594.15,24594.6,0
2025-05-22 11:20:00+05:30,1747892700,24594.65,24604.3,24594.55,24599.7,0
2025-05-22 11:25:00+05:30,1747893000,24599.35,24599.95,24579.2,24586.05,0
2025-05-22 11:30:00+05:30,1747893300,24585.9,24598.8,24584.25,24595.5,0
2025-05-22 11:35:00+05:30,1747893600,24595.65,24598.65,24587.9,24590.35,0
2025-05-22 11:40:00+05:30,1747893900,24590.85,24593.35,24548.75,24559.55,0
2025-05-22 11:45:00+05:30,1747894200,24559.0,24565.05,24543.05,24560.65,0
2025-05-22 11:50:00+05:30,1747894500,24558.9,24578.25,24557.6,24572.6,0
2025-05-22 11:55:00+05:30,1747894800,24573.3,24607.5,24573.2,24595.0,0
2025-05-22 12:00:00+05:30,1747895100,24595.55,24596.35,24578.5,24589.75,0
2025-05-22 12:05:00+05:30,1747895400,24589.8,24599.0,24583.25,24594.7,0
2025-05-22 12:10:00+05:30,1747895700,24594.9,24596.05,24576.05,24576.05,0
2025-05-22 12:15:00+05:30,1747896000,24576.75,24581.25,24569.55,24572.8,0
2025-05-22 12:20:00+05:30,1747896300,24572.75,24574.65,24555.65,24557.3,0
2025-05-22 12:25:00+05:30,1747896600,24558.0,24569.0,24549.8,24552.25,0
2025-05-22 12:30:00+05:30,1747896900,24552.2,24563.45,24548.9,24552.7,0
2025-05-22 12:35:00+05:30,1747897200,24553.7,24571.9,24551.5,24554.45,0
2025-05-22 12:40:00+05:30,1747897500,24555.85,24565.15,24554.9,24562.7,0
2025-05-22 12:45:00+05:30,1747897800,24562.9,24565.7,24553.65,24558.7,0
2025-05-22 12:50:00+05:30,1747898100,24558.65,24559.0,24523.05,24528.2,0
2025-05-22 12:55:00+05:30,1747898400,24525.3,24537.3,24513.5,24516.95,0
2025-05-22 13:00:00+05:30,1747898700,24517.0,24528.45,24509.1,24523.85,0
2025-05-22 13:05:00+05:30,1747899000,24523.7,24526.15,24516.45,24521.75,0
2025-05-22 13:10:00+05:30,1747899300,24521.85,24521.85,24511.95,24513.95,0
2025-05-22 13:15:00+05:30,1747899600,24513.85,24543.0,24512.75,24539.65,0
2025-05-22 13:20:00+05:30,1747899900,24540.45,24548.9,24531.3,24534.7,0
2025-05-22 13:25:00+05:30,1747900200,24535.95,24554.1,24534.6,24550.95,0
2025-05-22 13:30:00+05:30,1747900500,24550.7,24554.45,24542.6,24551.65,0
2025-05-22 13:35:00+05:30,1747900800,24553.65,24556.6,24543.9,24552.9,0
2025-05-22 13:40:00+05:30,1747901100,24553.1,24554.3,24539.9,24540.95,0
2025-05-22 13:45:00+05:30,1747901400,24540.65,24540.95,24518.2,24524.2,0
2025-05-22 13:50:00+05:30,1747901700,24524.65,24534.85,24523.1,24528.35,0
2025-05-22 13:55:00+05:30,1747902000,24527.35,24528.3,24515.05,24520.45,0
2025-05-22 14:00:00+05:30,1747902300,24520.6,24530.2,24518.9,24525.35,0
2025-05-22 14:05:00+05:30,1747902600,24526.65,24539.55,24522.6,24536.9,0
2025-05-22 14:10:00+05:30,1747902900,24536.3,24537.3,24518.55,24519.6,0
2025-05-22 14:15:00+05:30,1747903200,24519.2,24531.0,24519.2,24529.8,0
2025-05-22 14:20:00+05:30,1747903500,24529.3,24530.25,24483.35,24491.85,0
2025-05-22 14:25:00+05:30,1747903800,24489.55,24499.9,24474.75,24481.75,0
2025-05-22 14:30:00+05:30,1747904100,24483.3,24494.15,24476.55,24492.35,0
2025-05-22 14:35:00+05:30,1747904400,24492.25,24497.45,24473.3,24483.4,0
2025-05-22 14:40:00+05:30,1747904700,24484.4,24502.2,24462.4,24500.8,0
2025-05-22 14:45:00+05:30,1747905000,24502.1,24577.55,24502.1,24557.55,0
2025-05-22 14:50:00+05:30,1747905300,24557.8,24580.05,24512.7,24576.4,0
2025-05-22 14:55:00+05:30,1747905600,24575.0,24575.0,24545.75,24565.55,0
2025-05-22 15:00:00+05:30,1747905900,24566.5,24639.85,24562.05,24616.8,0
2025-05-22 15:05:00+05:30,1747906200,24616.3,24617.6,24594.9,24595.3,0
2025-05-22 15:10:00+05:30,1747906500,24594.95,24619.35,24594.0,24618.95,0
2025-05-22 15:15:00+05:30,1747906800,24619.05,24619.25,24601.35,24606.25,0
2025-05-22 15:20:00+05:30,1747907100,24606.35,24616.4,24597.5,24614.8,0
2025-05-22 15:25:00+05:30,1747907400,24615.1,24628.95,24598.6,24624.8,0
2025-05-22 15:30:00+05:30,1747907700,24622.8,24647.15,24622.8,24637.0,0
2025-05-23 09:20:00+05:30,1747971900,24639.5,24667.55,24614.05,24626.4,0
2025-05-23 09:25:00+05:30,1747972200,24626.5,24720.9,24625.85,24719.2,0
2025-05-23 09:30:00+05:30,1747972500,24719.95,24733.55,24705.3,24713.8,0
2025-05-23 09:35:00+05:30,1747972800,24714.0,24751.75,24696.1,24746.9,0
2025-05-23 09:40:00+05:30,1747973100,24746.4,24773.05,24742.05,24750.45,0
2025-05-23 09:45:00+05:30,1747973400,24749.9,24784.8,24746.3,24781.4,0
2025-05-23 09:50:00+05:30,1747973700,24780.95,24795.35,24763.25,24780.75,0
2025-05-23 09:55:00+05:30,1747974000,24781.4,24806.8,24768.3,24804.1,0
2025-05-23 10:00:00+05:30,1747974300,24805.4,24805.9,24783.8,24796.0,0
2025-05-23 10:05:00+05:30,1747974600,24795.45,24819.25,24785.15,24809.55,0
2025-05-23 10:10:00+05:30,1747974900,24809.25,24817.35,24800.7,24817.35,0
2025-05-23 10:15:00+05:30,1747975200,24818.3,24826.65,24798.7,24818.1,0
2025-05-23 10:20:00+05:30,1747975500,24817.45,24820.55,24791.5,24793.1,0
2025-05-23 10:25:00+05:30,1747975800,24792.25,24796.0,24773.75,24773.85,0
2025-05-23 10:30:00+05:30,1747976100,24773.6,24795.3,24768.05,24774.7,0
2025-05-23 10:35:00+05:30,1747976400,24774.6,24778.95,24753.25,24753.25,0
2025-05-23 10:40:00+05:30,1747976700,24753.15,24790.6,24748.55,24786.95,0
2025-05-23 10:45:00+05:30,1747977000,24785.4,24814.35,24785.35,24813.7,0
2025-05-23 10:50:00+05:30,1747977300,24814.1,24878.85,24807.9,24876.85,0
2025-05-23 10:55:00+05:30,1747977600,24876.7,24895.85,24875.95,24878.25,0
2025-05-23 11:00:00+05:30,1747977900,24878.25,24909.05,24877.45,24889.6,0
2025-05-23 11:05:00+05:30,1747978200,24892.3,24899.3,24884.15,24888.1,0
2025-05-23 11:10:00+05:30,1747978500,24887.9,24891.0,24874.85,24884.75,0
2025-05-23 11:15:00+05:30,1747978800,24884.1,24902.35,24879.5,24890.1,0
2025-05-23 11:20:00+05:30,1747979100,24890.8,24894.4,24864.75,24867.5,0
2025-05-23 11:25:00+05:30,1747979400,24868.25,24875.55,24857.35,24860.85,0
2025-05-23 11:30:00+05:30,1747979700,24861.45,24886.3,24854.15,24882.0,0
2025-05-23 11:35:00+05:30,1747980000,24884.15,24903.4,24879.35,24886.05,0
2025-05-23 11:40:00+05:30,1747980300,24888.9,24889.55,24868.3,24869.2,0
2025-05-23 11:45:00+05:30,1747980600,24869.2,24872.5,24861.8,24868.6,0
2025-05-23 11:50:00+05:30,1747980900,24871.3,24872.9,24804.3,24804.3,0
2025-05-23 11:55:00+05:30,1747981200,24805.5,24845.25,24805.4,24841.95,0
2025-05-23 12:00:00+05:30,1747981500,24841.25,24849.8,24827.55,24837.45,0
2025-05-23 12:05:00+05:30,1747981800,24836.95,24850.05,24835.7,24845.15,0
2025-05-23 12:10:00+05:30,1747982100,24844.65,24851.85,24838.1,24845.5,0
2025-05-23 12:15:00+05:30,1747982400,24844.65,24846.2,24819.8,24834.75,0
2025-05-23 12:20:00+05:30,1747982700,24834.7,24845.6,24828.85,24843.6,0
2025-05-23 12:25:00+05:30,1747983000,24844.3,24873.9,24842.0,24869.35,0
2025-05-23 12:30:00+05:30,1747983300,24869.95,24871.65,24855.25,24869.5,0
2025-05-23 12:35:00+05:30,1747983600,24870.7,24886.05,24865.45,24883.7,0
2025-05-23 12:40:00+05:30,1747983900,24883.35,24901.35,24879.35,24881.0,0
2025-05-23 12:45:00+05:30,1747984200,24881.25,24891.65,24869.4,24869.8,0
2025-05-23 12:50:00+05:30,1747984500,24870.0,24887.25,24870.0,24885.8,0
2025-05-23 12:55:00+05:30,1747984800,24885.2,24898.2,24879.95,24887.6,0
2025-05-23 13:00:00+05:30,1747985100,24887.3,24892.75,24880.5,24880.9,0
2025-05-23 13:05:00+05:30,1747985400,24881.9,24893.35,24879.5,24889.4,0
2025-05-23 13:10:00+05:30,1747985700,24890.35,24902.0,24887.05,24891.8,0
2025-05-23 13:15:00+05:30,1747986000,24892.3,24892.5,24874.65,24877.45,0
2025-05-23 13:20:00+05:30,1747986300,24876.7,24891.05,24873.75,24886.2,0
2025-05-23 13:25:00+05:30,1747986600,24886.9,24895.85,24885.2,24891.95,0
2025-05-23 13:30:00+05:30,1747986900,24892.05,24898.4,24883.2,24884.15,0
2025-05-23 13:35:00+05:30,1747987200,24884.6,24892.05,24871.2,24880.85,0
2025-05-23 13:40:00+05:30,1747987500,24878.8,24889.15,24870.0,24878.55,0
2025-05-23 13:45:00+05:30,1747987800,24878.8,24883.25,24841.7,24851.0,0
2025-05-23 13:50:00+05:30,1747988100,24850.35,24867.8,24838.05,24853.55,0
2025-05-23 13:55:00+05:30,1747988400,24854.0,24883.2,24852.8,24870.8,0
2025-05-23 14:00:00+05:30,1747988700,24870.0,24879.7,24863.15,24875.9,0
2025-05-23 14:05:00+05:30,1747989000,24876.15,24894.05,24875.8,24884.45,0
2025-05-23 14:10:00+05:30,1747989300,24884.7,24887.9,24876.7,24878.35,0
2025-05-23 14:15:00+05:30,1747989600,24878.4,24881.55,24863.6,24869.1,0
2025-05-23 14:20:00+05:30,1747989900,24868.85,24872.65,24857.1,24869.4,0
2025-05-23 14:25:00+05:30,1747990200,24870.05,24875.25,24860.1,24869.7,0
2025-05-23 14:30:00+05:30,1747990500,24869.15,24884.15,24868.5,24872.65,0
2025-05-23 14:35:00+05:30,1747990800,24872.7,24873.9,24864.5,24866.35,0
2025-05-23 14:40:00+05:30,1747991100,24866.15,24870.75,24847.65,24853.85,0
2025-05-23 14:45:00+05:30,1747991400,24855.05,24862.85,24833.75,24835.65,0
2025-05-23 14:50:00+05:30,1747991700,24834.75,24852.5,24832.1,24847.25,0
2025-05-23 14:55:00+05:30,1747992000,24846.9,24849.65,24819.3,24822.75,0
2025-05-23 15:00:00+05:30,1747992300,24823.25,24837.75,24821.05,24836.25,0
2025-05-23 15:05:00+05:30,1747992600,24836.35,24858.4,24836.35,24857.3,0
2025-05-23 15:10:00+05:30,1747992900,24857.6,24864.0,24849.2,24850.85,0
2025-05-23 15:15:00+05:30,1747993200,24850.65,24854.95,24842.8,24850.75,0
2025-05-23 15:20:00+05:30,1747993500,24850.5,24857.0,24846.85,24855.95,0
2025-05-23 15:25:00+05:30,1747993800,24856.45,24862.1,24852.65,24854.05,0
2025-05-23 15:30:00+05:30,1747994100,24852.5,24856.6,24842.9,24845.15,0
2025-05-26 09:20:00+05:30,1748231100,24919.35,25014.9,24900.5,25003.65,0
2025-05-26 09:25:00+05:30,1748231400,25005.2,25039.75,25005.2,25017.45,0
2025-05-26 09:30:00+05:30,1748231700,25015.8,25049.5,25006.4,25040.5,0
2025-05-26 09:35:00+05:30,1748232000,25040.05,25055.95,25031.5,25044.9,0
2025-05-26 09:40:00+05:30,1748232300,25046.0,25051.9,25024.35,25050.45,0
2025-05-26 09:45:00+05:30,1748232600,25049.85,25049.85,25028.45,25043.55,0
2025-05-26 09:50:00+05:30,1748232900,25041.25,25079.2,25041.25,25063.05,0
2025-05-26 09:55:00+05:30,1748233200,25063.5,25073.9,25054.65,25064.45,0
2025-05-26 10:00:00+05:30,1748233500,25065.3,25067.45,25049.5,25061.95,0
2025-05-26 10:05:00+05:30,1748233800,25062.5,25065.9,25042.35,25046.65,0
2025-05-26 10:10:00+05:30,1748234100,25047.9,25056.4,25035.15,25045.55,0
2025-05-26 10:15:00+05:30,1748234400,25045.1,25059.4,25039.9,25044.15,0
2025-05-26 10:20:00+05:30,1748234700,25043.9,25048.25,25014.25,25015.5,0
2025-05-26 10:25:00+05:30,1748235000,25015.3,25029.45,24998.9,25021.1,0
2025-05-26 10:30:00+05:30,1748235300,25020.3,25021.2,24938.65,24975.2,0
2025-05-26 10:35:00+05:30,1748235600,24974.65,24975.8,24948.1,24956.8,0
2025-05-26 10:40:00+05:30,1748235900,24956.5,24957.5,24910.5,24945.6,0
2025-05-26 10:45:00+05:30,1748236200,24948.05,24976.75,24931.7,24969.4,0
2025-05-26 10:50:00+05:30,1748236500,24970.2,24992.2,24950.95,24962.15,0
2025-05-26 10:55:00+05:30,1748236800,24962.55,24976.55,24960.95,24970.15,0
2025-05-26 11:00:00+05:30,1748237100,24969.95,24992.3,24965.1,24980.3,0
2025-05-26 11:05:00+05:30,1748237400,24980.4,24983.4,24966.55,24972.3,0
2025-05-26 11:10:00+05:30,1748237700,24972.55,24976.8,24960.0,24969.4,0
2025-05-26 11:15:00+05:30,1748238000,24969.45,24973.0,24963.25,24972.75,0
2025-05-26 11:20:00+05:30,1748238300,24973.7,25009.85,24973.1,24999.0,0
2025-05-26 11:25:00+05:30,1748238600,24999.2,25024.4,24990.4,24995.35,0
2025-05-26 11:30:00+05:30,1748238900,24995.95,24995.95,24961.65,24974.5,0
2025-05-26 11:35:00+05:30,1748239200,24974.35,24980.45,24968.4,24977.4,0
2025-05-26 11:40:00+05:30,1748239500,24977.2,24977.2,24954.1,24965.25,0
2025-05-26 11:45:00+05:30,1748239800,24964.9,24977.55,24964.9,24973.7,0
2025-05-26 11:50:00+05:30,1748240100,24973.65,24987.7,24972.4,24979.5,0
2025-05-26 11:55:00+05:30,1748240400,24979.3,24997.4,24978.4,24995.6,0
2025-05-26 12:00:00+05:30,1748240700,24995.1,25011.35,24988.4,24999.05,0
2025-05-26 12:05:00+05:30,1748241000,25000.0,25007.15,24991.55,25007.15,0
2025-05-26 12:10:00+05:30,1748241300,25006.05,25007.85,24987.4,24987.4,0
2025-05-26 12:15:00+05:30,1748241600,24987.5,24998.35,24980.45,24989.8,0
2025-05-26 12:20:00+05:30,1748241900,24987.8,24988.1,24972.0,24984.6,0
2025-05-26 12:25:00+05:30,1748242200,24983.4,24993.95,24980.1,24981.85,0
2025-05-26 12:30:00+05:30,1748242500,24981.55,25013.8,24978.95,25007.4,0
2025-05-26 12:35:00+05:30,1748242800,25006.2,25010.3,24992.65,24998.05,0
2025-05-26 12:40:00+05:30,1748243100,24998.35,25002.2,24991.25,24997.6,0
2025-05-26 12:45:00+05:30,1748243400,24997.35,25003.45,24968.4,24968.4,0
2025-05-26 12:50:00+05:30,1748243700,24967.35,24977.05,24963.15,24968.3,0
2025-05-26 12:55:00+05:30,1748244000,24967.3,24972.25,24957.0,24957.6,0
2025-05-26 13:00:00+05:30,1748244300,24956.65,24968.3,24939.45,24967.35,0
2025-05-26 13:05:00+05:30,1748244600,24966.75,24977.65,24965.95,24973.4,0
2025-05-26 13:10:00+05:30,1748244900,24972.7,24992.1,24971.9,24988.5,0
2025-05-26 13:15:00+05:30,1748245200,24987.6,24989.05,24978.05,24981.9,0
2025-05-26 13:20:00+05:30,1748245500,24980.6,24982.55,24972.35,24976.8,0
2025-05-26 13:25:00+05:30,1748245800,24976.4,24986.85,24969.95,24973.3,0
2025-05-26 13:30:00+05:30,1748246100,24973.05,24979.1,24968.0,24973.05,0
2025-05-26 13:35:00+05:30,1748246400,24971.7,24984.3,24967.85,24980.15,0
2025-05-26 13:40:00+05:30,1748246700,24979.85,24990.75,24979.85,24989.7,0
2025-05-26 13:45:00+05:30,1748247000,24990.3,25009.2,24988.75,25001.2,0
2025-05-26 13:50:00+05:30,1748247300,25000.7,25004.7,24993.0,25002.85,0
2025-05-26 13:55:00+05:30,1748247600,25002.3,25003.4,24992.25,25000.9,0
2025-05-26 14:00:00+05:30,1748247900,24999.6,25013.35,24989.15,24989.15,0
2025-05-26 14:05:00+05:30,1748248200,24989.65,25000.65,24984.95,24985.65,0
2025-05-26 14:10:00+05:30,1748248500,24984.75,24997.45,24976.75,24995.1,0
2025-05-26 14:15:00+05:30,1748248800,24994.25,25004.1,24994.25,25001.0,0
2025-05-26 14:20:00+05:30,1748249100,24999.6,25001.15,24982.9,24990.45,0
2025-05-26 14:25:00+05:30,1748249400,24989.35,24991.8,24969.25,24978.35,0
2025-05-26 14:30:00+05:30,1748249700,24972.4,24988.05,24972.4,24985.1,0
2025-05-26 14:35:00+05:30,1748250000,24984.05,25004.15,24979.8,25003.6,0
2025-05-26 14:40:00+05:30,1748250300,25003.4,25004.85,24987.95,24990.6,0
2025-05-26 14:45:00+05:30,1748250600,24988.95,25000.35,24987.05,24993.95,0
2025-05-26 14:50:00+05:30,1748250900,24993.3,24998.35,24983.15,24984.4,0
2025-05-26 14:55:00+05:30,1748251200,24984.55,25004.7,24984.45,25001.5,0
2025-05-26 15:00:00+05:30,1748251500,25000.4,25013.45,24993.35,25004.6,0
2025-05-26 15:05:00+05:30,1748251800,25004.45,25019.65,24998.75,25002.25,0
2025-05-26 15:10:00+05:30,1748252100,25000.4,25008.8,24999.3,25007.95,0
2025-05-26 15:15:00+05:30,1748252400,25007.1,25010.85,24999.95,25004.45,0
2025-05-26 15:20:00+05:30,1748252700,25002.9,25006.8,24994.9,25001.3,0
2025-05-26 15:25:00+05:30,1748253000,25002.05,25002.95,24993.95,24999.5,0
2025-05-26 15:30:00+05:30,1748253300,24999.4,25004.05,24992.6,24996.35,0
2025-05-27 09:20:00+05:30,1748317500,24956.65,24976.1,24864.65,24874.3,0
2025-05-27 09:25:00+05:30,1748317800,24876.2,24876.35,24769.3,24790.65,0
2025-05-27 09:30:00+05:30,1748318100,24790.05,24813.5,24784.15,24790.45,0
2025-05-27 09:35:00+05:30,1748318400,24791.9,24838.3,24765.75,24810.55,0
2025-05-27 09:40:00+05:30,1748318700,24810.2,24841.65,24795.0,24830.65,0
2025-05-27 09:45:00+05:30,1748319000,24830.35,24836.95,24804.1,24825.7,0
2025-05-27 09:50:00+05:30,1748319300,24826.05,24827.35,24781.75,24782.3,0
2025-05-27 09:55:00+05:30,1748319600,24783.1,24800.1,24772.1,24786.2,0
2025-05-27 10:00:00+05:30,1748319900,24785.55,24803.85,24750.7,24760.4,0
2025-05-27 10:05:00+05:30,1748320200,24760.7,24767.75,24737.7,24763.2,0
2025-05-27 10:10:00+05:30,1748320500,24762.55,24784.05,24754.0,24780.9,0
2025-05-27 10:15:00+05:30,1748320800,24781.1,24791.45,24759.55,24777.1,0
2025-05-27 10:20:00+05:30,1748321100,24776.9,24779.75,24753.45,24764.45,0
2025-05-27 10:25:00+05:30,1748321400,24764.3,24771.15,24753.05,24760.65,0
2025-05-27 10:30:00+05:30,1748321700,24760.3,24776.35,24752.45,24755.7,0
2025-05-27 10:35:00+05:30,1748322000,24756.3,24779.25,24751.35,24775.4,0
2025-05-27 10:40:00+05:30,1748322300,24776.45,24798.85,24767.35,24775.7,0
2025-05-27 10:45:00+05:30,1748322600,24775.8,24781.3,24758.7,24761.3,0
2025-05-27 10:50:00+05:30,1748322900,24762.55,24768.2,24754.25,24761.25,0
2025-05-27 10:55:00+05:30,1748323200,24761.4,24783.15,24758.55,24778.8,0
2025-05-27 11:00:00+05:30,1748323500,24778.65,24803.25,24770.85,24779.7,0
2025-05-27 11:05:00+05:30,1748323800,24779.05,24873.0,24772.6,24872.8,0
2025-05-27 11:10:00+05:30,1748324100,24876.35,24960.2,24825.1,24868.15,0
2025-05-27 11:15:00+05:30,1748324400,24870.2,24888.05,24842.65,24877.65,0
2025-05-27 11:20:00+05:30,1748324700,24880.65,24930.75,24880.65,24913.85,0
2025-05-27 11:25:00+05:30,1748325000,24913.45,24946.25,24888.6,24946.25,0
2025-05-27 11:30:00+05:30,1748325300,24942.45,25013.65,24942.0,25012.55,0
2025-05-27 11:35:00+05:30,1748325600,25013.3,25062.9,25001.2,25021.55,0
2025-05-27 11:40:00+05:30,1748325900,25022.45,25028.0,24925.4,24976.6,0
2025-05-27 11:45:00+05:30,1748326200,24974.5,24978.55,24940.4,24968.95,0
2025-05-27 11:50:00+05:30,1748326500,24968.15,24976.2,24913.1,24930.3,0
2025-05-27 11:55:00+05:30,1748326800,24931.1,24946.55,24908.0,24946.55,0
2025-05-27 12:00:00+05:30,1748327100,24947.85,24977.05,24935.9,24948.05,0
2025-05-27 12:05:00+05:30,1748327400,24948.15,24971.1,24926.6,24953.95,0
2025-05-27 12:10:00+05:30,1748327700,24954.85,24965.05,24936.7,24950.05,0
2025-05-27 12:15:00+05:30,1748328000,24949.7,24967.45,24942.1,24957.45,0
2025-05-27 12:20:00+05:30,1748328300,24957.4,24962.75,24925.1,24934.65,0
2025-05-27 12:25:00+05:30,1748328600,24935.45,24940.1,24881.8,24894.95,0
2025-05-27 12:30:00+05:30,1748328900,24895.9,24908.55,24835.15,24856.3,0
2025-05-27 12:35:00+05:30,1748329200,24854.05,24888.7,24819.95,24885.3,0
2025-05-27 12:40:00+05:30,1748329500,24884.6,24885.7,24850.4,24854.05,0
2025-05-27 12:45:00+05:30,1748329800,24854.55,24866.45,24835.7,24860.4,0
2025-05-27 12:50:00+05:30,1748330100,24857.35,24881.3,24844.5,24848.85,0
2025-05-27 12:55:00+05:30,1748330400,24850.15,24857.7,24824.6,24849.35,0
2025-05-27 13:00:00+05:30,1748330700,24849.3,24851.2,24820.55,24824.25,0
2025-05-27 13:05:00+05:30,1748331000,24824.15,24833.6,24802.7,24814.85,0
2025-05-27 13:10:00+05:30,1748331300,24814.8,24823.85,24800.8,24823.65,0
2025-05-27 13:15:00+05:30,1748331600,24822.0,24837.1,24817.85,24829.85,0
2025-05-27 13:20:00+05:30,1748331900,24830.0,24848.25,24808.4,24816.5,0
2025-05-27 13:25:00+05:30,1748332200,24816.75,24831.65,24804.95,24813.1,0
2025-05-27 13:30:00+05:30,1748332500,24812.1,24829.8,24804.2,24824.85,0
2025-05-27 13:35:00+05:30,1748332800,24824.75,24837.55,24820.25,24825.8,0
2025-05-27 13:40:00+05:30,1748333100,24825.55,24831.65,24813.95,24826.3,0
2025-05-27 13:45:00+05:30,1748333400,24827.05,24849.3,24821.55,24847.4,0
2025-05-27 13:50:00+05:30,1748333700,24847.5,24871.85,24834.95,24838.9,0
2025-05-27 13:55:00+05:30,1748334000,24839.25,24845.15,24806.8,24810.7,0
2025-05-27 14:00:00+05:30,1748334300,24811.15,24815.75,24761.7,24764.35,0
2025-05-27 14:05:00+05:30,1748334600,24761.6,24783.95,24744.55,24769.05,0
2025-05-27 14:10:00+05:30,1748334900,24769.2,24787.45,24756.95,24761.55,0
2025-05-27 14:15:00+05:30,1748335200,24761.95,24771.4,24760.55,24767.6,0
2025-05-27 14:20:00+05:30,1748335500,24768.25,24779.95,24716.0,24722.45,0
2025-05-27 14:25:00+05:30,1748335800,24721.6,24737.55,24704.1,24737.55,0
2025-05-27 14:30:00+05:30,1748336100,24737.65,24739.5,24725.1,24731.35,0
2025-05-27 14:35:00+05:30,1748336400,24731.4,24757.5,24727.45,24757.4,0
2025-05-27 14:40:00+05:30,1748336700,24758.35,24771.2,24745.2,24765.15,0
2025-05-27 14:45:00+05:30,1748337000,24765.75,24784.95,24765.45,24780.65,0
2025-05-27 14:50:00+05:30,1748337300,24781.25,24797.2,24767.1,24790.3,0
2025-05-27 14:55:00+05:30,1748337600,24789.9,24798.25,24780.4,24786.15,0
2025-05-27 15:00:00+05:30,1748337900,24784.85,24817.7,24778.95,24817.7,0
2025-05-27 15:05:00+05:30,1748338200,24818.05,24828.6,24816.65,24818.0,0
2025-05-27 15:10:00+05:30,1748338500,24818.3,24842.7,24817.65,24841.5,0
2025-05-27 15:15:00+05:30,1748338800,24838.95,24838.95,24826.95,24831.8,0
2025-05-27 15:20:00+05:30,1748339100,24832.6,24834.8,24820.6,24825.5,0
2025-05-27 15:25:00+05:30,1748339400,24825.6,24830.15,24819.9,24822.25,0
2025-05-27 15:30:00+05:30,1748339700,24822.5,24843.3,24816.55,24837.7,0
2025-05-28 09:20:00+05:30,1748403900,24832.5,24857.85,24765.0,24815.75,0
2025-05-28 09:25:00+05:30,1748404200,24817.75,24864.25,24795.65,24804.15,0
2025-05-28 09:30:00+05:30,1748404500,24804.45,24813.2,24765.2,24769.15,0
2025-05-28 09:35:00+05:30,1748404800,24768.9,24780.9,24756.4,24766.2,0
2025-05-28 09:40:00+05:30,1748405100,24766.5,24801.55,24743.05,24769.7,0
2025-05-28 09:45:00+05:30,1748405400,24769.7,24807.25,24769.7,24807.25,0
2025-05-28 09:50:00+05:30,1748405700,24806.3,24814.8,24771.95,24782.8,0
2025-05-28 09:55:00+05:30,1748406000,24783.3,24785.55,24752.95,24776.2,0
2025-05-28 10:00:00+05:30,1748406300,24775.25,24789.5,24762.65,24782.15,0
2025-05-28 10:05:00+05:30,1748406600,24783.4,24784.65,24758.65,24763.9,0
2025-05-28 10:10:00+05:30,1748406900,24763.75,24769.5,24755.8,24767.85,0
2025-05-28 10:15:00+05:30,1748407200,24767.85,24775.55,24756.65,24760.5,0
2025-05-28 10:20:00+05:30,1748407500,24760.0,24760.0,24737.05,24753.85,0
2025-05-28 10:25:00+05:30,1748407800,24753.25,24772.5,24748.6,24767.85,0
2025-05-28 10:30:00+05:30,1748408100,24767.85,24769.6,24750.4,24750.5,0
2025-05-28 10:35:00+05:30,1748408400,24750.25,24767.5,24747.6,24766.65,0
2025-05-28 10:40:00+05:30,1748408700,24766.85,24766.85,24743.85,24749.7,0
2025-05-28 10:45:00+05:30,1748409000,24749.55,24766.25,24748.65,24752.7,0
2025-05-28 10:50:00+05:30,1748409300,24752.1,24799.05,24751.65,24782.45,0
2025-05-28 10:55:00+05:30,1748409600,24782.5,24797.9,24776.9,24793.95,0
2025-05-28 11:00:00+05:30,1748409900,24793.95,24794.5,24775.9,24781.65,0
2025-05-28 11:05:00+05:30,1748410200,24781.5,24801.9,24781.05,24798.45,0
2025-05-28 11:10:00+05:30,1748410500,24798.8,24798.8,24782.25,24785.25,0
2025-05-28 11:15:00+05:30,1748410800,24784.75,24785.2,24758.45,24768.05,0
2025-05-28 11:20:00+05:30,1748411100,24767.75,24783.85,24767.75,24773.05,0
2025-05-28 11:25:00+05:30,1748411400,24772.95,24783.1,24757.6,24760.7,0
2025-05-28 11:30:00+05:30,1748411700,24760.05,24765.7,24753.75,24758.7,0
2025-05-28 11:35:00+05:30,1748412000,24759.6,24763.55,24746.35,24755.05,0
2025-05-28 11:40:00+05:30,1748412300,24755.4,24761.7,24750.2,24751.25,0
2025-05-28 11:45:00+05:30,1748412600,24750.85,24760.65,24750.1,24756.35,0
2025-05-28 11:50:00+05:30,1748412900,24756.95,24765.35,24752.25,24763.05,0
2025-05-28 11:55:00+05:30,1748413200,24763.15,24780.7,24763.15,24776.5,0
2025-05-28 12:00:00+05:30,1748413500,24776.6,24777.2,24764.9,24770.9,0
2025-05-28 12:05:00+05:30,1748413800,24770.85,24771.45,24759.1,24764.15,0
2025-05-28 12:10:00+05:30,1748414100,24764.05,24770.35,24754.5,24756.9,0
2025-05-28 12:15:00+05:30,1748414400,24757.25,24763.65,24755.5,24761.7,0
2025-05-28 12:20:00+05:30,1748414700,24762.2,24769.3,24759.05,24768.4,0
2025-05-28 12:25:00+05:30,1748415000,24768.3,24770.65,24764.15,24770.05,0
2025-05-28 12:30:00+05:30,1748415300,24770.15,24780.05,24767.55,24776.45,0
2025-05-28 12:35:00+05:30,1748415600,24776.1,24793.15,24775.3,24792.25,0
2025-05-28 12:40:00+05:30,1748415900,24792.1,24796.65,24783.95,24792.65,0
2025-05-28 12:45:00+05:30,1748416200,24793.05,24799.15,24788.55,24795.1,0
2025-05-28 12:50:00+05:30,1748416500,24795.25,24813.6,24789.3,24809.5,0
2025-05-28 12:55:00+05:30,1748416800,24810.35,24827.05,24804.4,24817.1,0
2025-05-28 13:00:00+05:30,1748417100,24816.55,24819.7,24803.95,24805.25,0
2025-05-28 13:05:00+05:30,1748417400,24804.4,24821.05,24802.6,24820.85,0
2025-05-28 13:10:00+05:30,1748417700,24821.15,24823.3,24805.25,24805.25,0
2025-05-28 13:15:00+05:30,1748418000,24805.35,24806.6,24789.7,24791.35,0
2025-05-28 13:20:00+05:30,1748418300,24791.1,24797.1,24780.4,24784.95,0
2025-05-28 13:25:00+05:30,1748418600,24784.8,24785.0,24774.4,24778.75,0
2025-05-28 13:30:00+05:30,1748418900,24778.4,24791.05,24774.05,24789.45,0
2025-05-28 13:35:00+05:30,1748419200,24790.15,24796.85,24781.55,24784.45,0
2025-05-28 13:40:00+05:30,1748419500,24785.2,24788.85,24770.75,24774.85,0
2025-05-28 13:45:00+05:30,1748419800,24775.15,24781.75,24765.7,24776.7,0
2025-05-28 13:50:00+05:30,1748420100,24776.9,24777.65,24761.1,24766.25,0
2025-05-28 13:55:00+05:30,1748420400,24765.85,24776.1,24761.4,24773.8,0
2025-05-28 14:00:00+05:30,1748420700,24773.45,24781.45,24770.6,24773.3,0
2025-05-28 14:05:00+05:30,1748421000,24773.1,24776.3,24765.55,24771.4,0
2025-05-28 14:10:00+05:30,1748421300,24771.45,24790.75,24769.85,24788.7,0
2025-05-28 14:15:00+05:30,1748421600,24788.2,24795.2,24786.1,24788.55,0
2025-05-28 14:20:00+05:30,1748421900,24788.35,24798.0,24785.3,24793.3,0
2025-05-28 14:25:00+05:30,1748422200,24793.4,24795.3,24785.2,24787.35,0
2025-05-28 14:30:00+05:30,1748422500,24788.05,24788.3,24770.45,24771.7,0
2025-05-28 14:35:00+05:30,1748422800,24770.7,24786.1,24769.05,24783.15,0
2025-05-28 14:40:00+05:30,1748423100,24780.95,24792.95,24772.0,24779.35,0
2025-05-28 14:45:00+05:30,1748423400,24779.05,24782.5,24776.35,24782.0,0
2025-05-28 14:50:00+05:30,1748423700,24780.9,24786.1,24776.65,24783.4,0
2025-05-28 14:55:00+05:30,1748424000,24783.25,24784.75,24773.25,24773.6,0
2025-05-28 15:00:00+05:30,1748424300,24773.2,24780.2,24772.45,24774.05,0
2025-05-28 15:05:00+05:30,1748424600,24775.6,24780.5,24755.15,24756.55,0
2025-05-28 15:10:00+05:30,1748424900,24757.75,24767.0,24756.7,24761.5,0
2025-05-28 15:15:00+05:30,1748425200,24763.05,24763.75,24748.4,24748.5,0
2025-05-28 15:20:00+05:30,1748425500,24749.5,24749.95,24740.05,24747.7,0
2025-05-28 15:25:00+05:30,1748425800,24747.7,24749.9,24743.25,24748.45,0
2025-05-28 15:30:00+05:30,1748426100,24749.35,24757.45,24743.7,24757.15,0
2025-05-29 09:20:00+05:30,1748490300,24825.1,24889.7,24824.0,24847.95,0
2025-05-29 09:25:00+05:30,1748490600,24845.2,24871.05,24793.8,24803.6,0
2025-05-29 09:30:00+05:30,1748490900,24803.05,24817.6,24798.2,24800.05,0
2025-05-29 09:35:00+05:30,1748491200,24802.7,24826.65,24801.55,24803.5,0
2025-05-29 09:40:00+05:30,1748491500,24802.95,24813.9,24779.7,24808.45,0
2025-05-29 09:45:00+05:30,1748491800,24808.3,24814.65,24793.2,24808.75,0
2025-05-29 09:50:00+05:30,1748492100,24808.9,24810.25,24786.85,24795.6,0
2025-05-29 09:55:00+05:30,1748492400,24795.0,24801.45,24780.8,24793.55,0
2025-05-29 10:00:00+05:30,1748492700,24792.8,24806.2,24791.45,24804.05,0
2025-05-29 10:05:00+05:30,1748493000,24804.35,24829.7,24795.05,24819.6,0
2025-05-29 10:10:00+05:30,1748493300,24819.05,24848.05,24817.15,24825.55,0
2025-05-29 10:15:00+05:30,1748493600,24825.55,24826.55,24793.55,24801.75,0
2025-05-29 10:20:00+05:30,1748493900,24802.45,24806.15,24781.45,24790.9,0
2025-05-29 10:25:00+05:30,1748494200,24789.65,24798.9,24789.5,24793.8,0
2025-05-29 10:30:00+05:30,1748494500,24793.8,24796.35,24769.1,24771.15,0
2025-05-29 10:35:00+05:30,1748494800,24770.6,24770.6,24748.75,24757.95,0
2025-05-29 10:40:00+05:30,1748495100,24757.8,24767.1,24747.85,24750.25,0
2025-05-29 10:45:00+05:30,1748495400,24750.25,24759.5,24741.1,24743.2,0
2025-05-29 10:50:00+05:30,1748495700,24742.95,24759.05,24741.9,24754.35,0
2025-05-29 10:55:00+05:30,1748496000,24753.95,24768.05,24749.9,24755.8,0
2025-05-29 11:00:00+05:30,1748496300,24756.65,24765.85,24743.95,24743.95,0
2025-05-29 11:05:00+05:30,1748496600,24745.8,24756.5,24714.15,24716.7,0
2025-05-29 11:10:00+05:30,1748496900,24715.75,24737.1,24715.3,24731.25,0
2025-05-29 11:15:00+05:30,1748497200,24731.25,24739.45,24720.5,24723.55,0
2025-05-29 11:20:00+05:30,1748497500,24722.2,24726.25,24708.65,24714.7,0
2025-05-29 11:25:00+05:30,1748497800,24714.8,24725.05,24709.7,24724.2,0
2025-05-29 11:30:00+05:30,1748498100,24723.8,24735.75,24719.55,24728.95,0
2025-05-29 11:35:00+05:30,1748498400,24729.05,24737.15,24721.2,24735.45,0
2025-05-29 11:40:00+05:30,1748498700,24733.35,24748.3,24728.7,24741.85,0
2025-05-29 11:45:00+05:30,1748499000,24741.55,24744.55,24730.65,24732.6,0
2025-05-29 11:50:00+05:30,1748499300,24732.2,24736.45,24728.4,24735.25,0
2025-05-29 11:55:00+05:30,1748499600,24734.05,24744.55,24733.35,24740.55,0
2025-05-29 12:00:00+05:30,1748499900,24740.2,24744.3,24729.0,24739.5,0
2025-05-29 12:05:00+05:30,1748500200,24738.4,24747.8,24732.35,24744.4,0
2025-05-29 12:10:00+05:30,1748500500,24744.05,24746.8,24734.7,24738.85,0
2025-05-29 12:15:00+05:30,1748500800,24739.6,24739.6,24730.55,24732.05,0
2025-05-29 12:20:00+05:30,1748501100,24732.0,24736.95,24727.15,24729.55,0
2025-05-29 12:25:00+05:30,1748501400,24729.3,24742.4,24729.3,24738.6,0
2025-05-29 12:30:00+05:30,1748501700,24737.4,24757.7,24736.65,24750.2,0
2025-05-29 12:35:00+05:30,1748502000,24749.9,24755.4,24740.5,24742.4,0
2025-05-29 12:40:00+05:30,1748502300,24741.65,24749.6,24686.55,24690.6,0
2025-05-29 12:45:00+05:30,1748502600,24683.15,24703.05,24677.3,24700.55,0
2025-05-29 12:50:00+05:30,1748502900,24700.25,24722.75,24697.2,24715.15,0
2025-05-29 12:55:00+05:30,1748503200,24714.85,24725.9,24713.8,24722.65,0
2025-05-29 13:00:00+05:30,1748503500,24723.15,24772.3,24722.5,24768.6,0
2025-05-29 13:05:00+05:30,1748503800,24769.75,24772.9,24748.75,24759.6,0
2025-05-29 13:10:00+05:30,1748504100,24760.05,24765.2,24741.3,24757.9,0
2025-05-29 13:15:00+05:30,1748504400,24758.85,24762.3,24741.7,24760.75,0
2025-05-29 13:20:00+05:30,1748504700,24760.35,24761.85,24742.8,24747.0,0
2025-05-29 13:25:00+05:30,1748505000,24747.15,24757.3,24744.0,24755.25,0
2025-05-29 13:30:00+05:30,1748505300,24754.7,24765.9,24745.35,24758.2,0
2025-05-29 13:35:00+05:30,1748505600,24758.25,24773.7,24754.6,24758.45,0
2025-05-29 13:40:00+05:30,1748505900,24758.1,24762.85,24748.45,24753.85,0
2025-05-29 13:45:00+05:30,1748506200,24753.65,24756.95,24750.95,24754.75,0
2025-05-29 13:50:00+05:30,1748506500,24754.1,24758.0,24743.45,24744.9,0
2025-05-29 13:55:00+05:30,1748506800,24744.3,24760.45,24744.0,24754.65,0
2025-05-29 14:00:00+05:30,1748507100,24753.65,24758.35,24739.85,24745.7,0
2025-05-29 14:05:00+05:30,1748507400,24745.55,24749.3,24728.55,24728.55,0
2025-05-29 14:10:00+05:30,1748507700,24728.8,24735.55,24723.65,24726.3,0
2025-05-29 14:15:00+05:30,1748508000,24725.95,24736.65,24717.8,24725.6,0
2025-05-29 14:20:00+05:30,1748508300,24725.95,24736.05,24718.05,24730.8,0
2025-05-29 14:25:00+05:30,1748508600,24730.3,24746.2,24730.2,24742.65,0
2025-05-29 14:30:00+05:30,1748508900,24743.1,24760.75,24740.8,24746.85,0
2025-05-29 14:35:00+05:30,1748509200,24746.95,24767.6,24743.85,24751.1,0
2025-05-29 14:40:00+05:30,1748509500,24753.45,24766.8,24752.1,24755.95,0
2025-05-29 14:45:00+05:30,1748509800,24754.7,24759.8,24748.85,24756.3,0
2025-05-29 14:50:00+05:30,1748510100,24755.95,24759.5,24738.35,24744.35,0
2025-05-29 14:55:00+05:30,1748510400,24743.4,24750.65,24742.2,24750.0,0
2025-05-29 15:00:00+05:30,1748510700,24750.05,24760.85,24747.25,24757.35,0
2025-05-29 15:05:00+05:30,1748511000,24758.6,24812.55,24758.1,24797.75,0
2025-05-29 15:10:00+05:30,1748511300,24798.2,24834.45,24798.2,24821.1,0
2025-05-29 15:15:00+05:30,1748511600,24822.25,24853.75,24821.15,24850.75,0
2025-05-29 15:20:00+05:30,1748511900,24850.45,24857.1,24838.9,24853.7,0
2025-05-29 15:25:00+05:30,1748512200,24854.1,24857.9,24837.1,24857.55,0
2025-05-29 15:30:00+05:30,1748512500,24855.8,24892.6,24854.9,24880.85,0
2025-05-30 09:20:00+05:30,1748576700,24812.6,24847.8,24780.0,24806.0,0
2025-05-30 09:25:00+05:30,1748577000,24805.55,24860.95,24803.7,24857.85,0
2025-05-30 09:30:00+05:30,1748577300,24857.9,24862.9,24838.3,24848.0,0
2025-05-30 09:35:00+05:30,1748577600,24848.05,24863.95,24824.9,24826.75,0
2025-05-30 09:40:00+05:30,1748577900,24826.6,24831.05,24805.6,24813.5,0
2025-05-30 09:45:00+05:30,1748578200,24813.6,24821.8,24799.85,24819.1,0
2025-05-30 09:50:00+05:30,1748578500,24819.0,24833.55,24788.3,24801.3,0
2025-05-30 09:55:00+05:30,1748578800,24801.35,24821.45,24799.7,24807.35,0
2025-05-30 10:00:00+05:30,1748579100,24807.2,24813.6,24801.1,24807.55,0
2025-05-30 10:05:00+05:30,1748579400,24806.85,24808.5,24784.0,24802.0,0
2025-05-30 10:10:00+05:30,1748579700,24802.45,24808.8,24784.35,24796.85,0
2025-05-30 10:15:00+05:30,1748580000,24796.4,24804.45,24790.75,24794.75,0
2025-05-30 10:20:00+05:30,1748580300,24795.8,24795.8,24763.75,24767.3,0
2025-05-30 10:25:00+05:30,1748580600,24766.45,24766.55,24750.1,24751.15,0
2025-05-30 10:30:00+05:30,1748580900,24751.05,24769.15,24746.2,24761.9,0
2025-05-30 10:35:00+05:30,1748581200,24761.8,24761.9,24741.5,24744.5,0
2025-05-30 10:40:00+05:30,1748581500,24744.4,24745.4,24721.8,24741.1,0
2025-05-30 10:45:00+05:30,1748581800,24741.2,24746.05,24731.1,24737.6,0
2025-05-30 10:50:00+05:30,1748582100,24738.35,24738.55,24717.4,24728.25,0
2025-05-30 10:55:00+05:30,1748582400,24728.7,24751.9,24725.5,24748.85,0
2025-05-30 11:00:00+05:30,1748582700,24748.65,24756.45,24747.7,24751.25,0
2025-05-30 11:05:00+05:30,1748583000,24752.3,24768.0,24751.0,24759.0,0
2025-05-30 11:10:00+05:30,1748583300,24759.75,24772.3,24757.1,24757.3,0
2025-05-30 11:15:00+05:30,1748583600,24759.15,24764.75,24746.6,24754.3,0
2025-05-30 11:20:00+05:30,1748583900,24755.7,24769.45,24753.2,24764.45,0
2025-05-30 11:25:00+05:30,1748584200,24765.7,24773.75,24761.45,24771.55,0
2025-05-30 11:30:00+05:30,1748584500,24772.6,24783.15,24767.4,24774.15,0
2025-05-30 11:35:00+05:30,1748584800,24774.8,24787.95,24773.0,24773.0,0
2025-05-30 11:40:00+05:30,1748585100,24773.65,24774.05,24761.8,24761.8,0
2025-05-30 11:45:00+05:30,1748585400,24762.6,24762.85,24745.0,24745.4,0
2025-05-30 11:50:00+05:30,1748585700,24746.4,24754.6,24737.75,24752.6,0
2025-05-30 11:55:00+05:30,1748586000,24753.6,24768.05,24752.05,24766.9,0
2025-05-30 12:00:00+05:30,1748586300,24767.7,24768.4,24750.85,24755.1,0
2025-05-30 12:05:00+05:30,1748586600,24755.8,24756.35,24728.7,24732.15,0
2025-05-30 12:10:00+05:30,1748586900,24733.8,24747.6,24733.8,24744.15,0
2025-05-30 12:15:00+05:30,1748587200,24745.3,24746.4,24738.8,24741.8,0
2025-05-30 12:20:00+05:30,1748587500,24743.1,24750.75,24729.35,24746.5,0
2025-05-30 12:25:00+05:30,1748587800,24747.25,24756.8,24745.6,24751.2,0
2025-05-30 12:30:00+05:30,1748588100,24752.1,24755.4,24748.75,24749.85,0
2025-05-30 12:35:00+05:30,1748588400,24750.5,24751.45,24735.95,24741.3,0
2025-05-30 12:40:00+05:30,1748588700,24742.25,24747.75,24734.9,24734.9,0
2025-05-30 12:45:00+05:30,1748589000,24735.6,24739.95,24732.2,24737.15,0
2025-05-30 12:50:00+05:30,1748589300,24737.05,24747.4,24737.05,24743.35,0
2025-05-30 12:55:00+05:30,1748589600,24743.7,24757.2,24743.4,24754.4,0
2025-05-30 13:00:00+05:30,1748589900,24754.65,24761.35,24752.85,24755.3,0
2025-05-30 13:05:00+05:30,1748590200,24756.05,24767.5,24753.25,24765.35,0
2025-05-30 13:10:00+05:30,1748590500,24765.75,24768.9,24751.85,24759.4,0
2025-05-30 13:15:00+05:30,1748590800,24759.55,24764.55,24754.75,24758.6,0
2025-05-30 13:20:00+05:30,1748591100,24758.55,24766.65,24758.55,24759.4,0
2025-05-30 13:25:00+05:30,1748591400,24759.15,24761.4,24751.85,24752.55,0
2025-05-30 13:30:00+05:30,1748591700,24752.55,24776.7,24750.75,24769.7,0
2025-05-30 13:35:00+05:30,1748592000,24770.15,24782.45,24769.4,24773.6,0
2025-05-30 13:40:00+05:30,1748592300,24773.95,24783.2,24769.55,24775.7,0
2025-05-30 13:45:00+05:30,1748592600,24775.7,24781.65,24770.7,24771.65,0
2025-05-30 13:50:00+05:30,1748592900,24771.55,24775.45,24762.65,24762.65,0
2025-05-30 13:55:00+05:30,1748593200,24762.85,24776.95,24762.4,24775.15,0
2025-05-30 14:00:00+05:30,1748593500,24775.4,24801.7,24773.4,24788.95,0
2025-05-30 14:05:00+05:30,1748593800,24788.75,24796.25,24780.85,24781.3,0
2025-05-30 14:10:00+05:30,1748594100,24781.25,24784.35,24766.45,24766.8,0
2025-05-30 14:15:00+05:30,1748594400,24767.05,24770.35,24753.6,24753.6,0
2025-05-30 14:20:00+05:30,1748594700,24753.75,24766.45,24751.1,24765.4,0
2025-05-30 14:25:00+05:30,1748595000,24765.65,24773.05,24764.5,24771.0,0
2025-05-30 14:30:00+05:30,1748595300,24771.35,24776.3,24767.4,24770.4,0
2025-05-30 14:35:00+05:30,1748595600,24770.65,24786.8,24769.9,24780.2,0
2025-05-30 14:40:00+05:30,1748595900,24780.0,24784.3,24769.1,24771.05,0
2025-05-30 14:45:00+05:30,1748596200,24771.85,24775.85,24766.75,24769.45,0
2025-05-30 14:50:00+05:30,1748596500,24770.1,24770.35,24758.3,24765.35,0
2025-05-30 14:55:00+05:30,1748596800,24765.5,24778.55,24761.4,24771.7,0
2025-05-30 15:00:00+05:30,1748597100,24773.3,24777.9,24757.7,24764.4,0
2025-05-30 15:05:00+05:30,1748597400,24766.65,24784.1,24729.8,24739.5,0
2025-05-30 15:10:00+05:30,1748597700,24739.0,24760.55,24736.6,24759.55,0
2025-05-30 15:15:00+05:30,1748598000,24760.2,24761.45,24748.55,24751.65,0
2025-05-30 15:20:00+05:30,1748598300,24751.75,24757.15,24745.75,24746.65,0
2025-05-30 15:25:00+05:30,1748598600,24746.95,24751.05,24740.6,24741.75,0
2025-05-30 15:30:00+05:30,1748598900,24741.4,24749.3,24731.1,24736.65,0
